drive_id,file_name,mime_type,size_bytes,sha256,visual_sha256,detected_at,folder_id,folder_period,operation_ref,status,duplicate_of,duplicate_reason,source_url,note
1FB28nC9sQLcpUVs36oo2uUJUA2Xrk5r1,PHOTO-2026-07-01-13-00-18.jpg,image/jpeg,399864,634ded1103f68506a14ff9f4dea5ad7ddef63838245b8cc92181192dc3d1a8ee,11ae657b7644fc6573a65e45d6c4fb6905088970314371bed01ad8997c3dad9e,2026-09-17T21:32:41+00:00,1osCORCkNaQC6YwtD5slDIHgDC5u823cn,2026-07,legacy:6239d75a76429344aa82c2ba7ac9d1a33ed6983cb7bf3ab42743f77eae220e10,OK_TRANSFERENCIA_1_2,,,https://drive.google.com/open?id=1FB28nC9sQLcpUVs36oo2uUJUA2Xrk5r1,"Modalidad TRANSFERENCIA_1_2: costos pagados previamente; base calculada desde ECHEQ/transferencia visible al 1,20%."
1gr-dCEY7u6BNWnjCQjqNoeLNJqTBsrTn,PHOTO-2026-07-02-11-36-40.jpg,image/jpeg,425688,ce496237986683ba9e35db2b6b2641c620a816b4dd473d285fb4a6cd10e849aa,c720e3b4ab93716158380eb53a84fb77e22b66519d6363ad253bddd5f9274705,2026-09-17T21:32:41+00:00,1osCORCkNaQC6YwtD5slDIHgDC5u823cn,2026-07,legacy:52785f5a4198a2fa4eb63251db840287d63b3100071548dee05f0a634d00c23f,OK,,,https://drive.google.com/open?id=1gr-dCEY7u6BNWnjCQjqNoeLNJqTBsrTn,Vinculado a operacion por SHA-256 local.
1E29lmZZ6ft5V9pIeqLSsVI4s4u4AoyCD,PHOTO-2026-07-03-12-49-44.jpg,image/jpeg,341376,e0a2c51c84e44a135a45292992daa593e14de0f84845288d57749c81ac1ed12f,11adf48a1c00ac5f51b1f56de5eb1ea591404590d2992fe9c0b9c505258c1461,2026-09-17T21:32:42+00:00,1osCORCkNaQC6YwtD5slDIHgDC5u823cn,2026-07,legacy:fd9ed5460c56c1fea85ab765644e9961846e81d271200f7ab98794f044c2c502,OK_TRANSFERENCIA_1_2,,,https://drive.google.com/open?id=1E29lmZZ6ft5V9pIeqLSsVI4s4u4AoyCD,"Modalidad TRANSFERENCIA_1_2: costos pagados previamente; base calculada desde ECHEQ/transferencia visible al 1,20%."
19R5VFVq6UW3xEqkjL5DpFQNog60IbKAV,PHOTO-2026-07-03-14-44-35.jpg,image/jpeg,126990,948e70f247d3a31bf3a10a78c5945ce7cf9ea9844df2b80c4cb439312cb89397,da4d1729a1adc1f57551ba7d6f43554476348db15693aa5658065d539cab956a,2026-09-17T21:32:43+00:00,1osCORCkNaQC6YwtD5slDIHgDC5u823cn,2026-07,legacy:151eddff0b4cb22a0cf11f738421bd908d0c89b38b8cecb5a48b5f7f5db79588,OK,,,https://drive.google.com/open?id=19R5VFVq6UW3xEqkjL5DpFQNog60IbKAV,Vinculado a operacion por SHA-256 local.
1j5gpxeWRnBR0FnwPsxVIZBzAkKx-eYSC,PHOTO-2026-07-03-15-28-27.jpg,image/jpeg,496239,d97b9db4464779bfe5fc2896c89c468c1d0c7201c7ea86c7196e1608572cf7d7,44cc70cd24de8f08ca444533b86e79dd7c9cd5b72b03bb3058ad8e068063fe01,2026-09-17T21:32:44+00:00,1osCORCkNaQC6YwtD5slDIHgDC5u823cn,2026-07,legacy:237459a204c010fff2fd78677ac8c0950bc52f1417cd4eec818b74a3c0f889b4,OK,,,https://drive.google.com/open?id=1j5gpxeWRnBR0FnwPsxVIZBzAkKx-eYSC,Vinculado a operacion por SHA-256 local.
1R7vlI0NDPGP89SQX2HdS2XBlDQhAwACE,PHOTO-2026-07-03-16-51-45.jpg,image/jpeg,498694,8ad92ed790c9e9474237561ca6581594f50d6bd2d3a54dec33cf3a5c53cf529c,69325e0d89b6f033416edf212288254c6635f140eb36a56ddaf1b86081fc700f,2026-09-17T21:32:45+00:00,1osCORCkNaQC6YwtD5slDIHgDC5u823cn,2026-07,legacy:684548f0c390533a8fb449d041e83e2904bc8870dbbfbc3839f67f490c16048d,OK,,,https://drive.google.com/open?id=1R7vlI0NDPGP89SQX2HdS2XBlDQhAwACE,Vinculado a operacion por SHA-256 local.
18vA6XEKeJcei4gIRkJ77_3hvFOvTdfwf,PHOTO-2026-07-06-13-14-53.jpg,image/jpeg,391922,c0f8555e80b5220be9edea5ed568b724829f3fe5520093cb220abc2d679ff5ae,1b5515798f9a7e90136b1fb64e92910d0fc8f56ab3aabfa720907212f02fa8ce,2026-09-17T21:32:45+00:00,1osCORCkNaQC6YwtD5slDIHgDC5u823cn,2026-07,legacy:3f033f1249331bcf1c8ce2485ed9fd86fde299b8efd143892fe4127306695af9,OK,,,https://drive.google.com/open?id=18vA6XEKeJcei4gIRkJ77_3hvFOvTdfwf,Vinculado a operacion por SHA-256 local.
1yksl9R-PIE8yhfjv4HLbLHqUs9K9LSEd,PHOTO-2026-07-06-14-23-56.jpg,image/jpeg,431949,1c0cfac7e8a59266b40af8c0a0f117081365c89ed8f0cf79ff8ed42b3db565a0,1c14f7a7dd0e94ab834ddb737dbde34e6d51247dc777129b71ce0b62effa7ad5,2026-09-17T21:32:46+00:00,1osCORCkNaQC6YwtD5slDIHgDC5u823cn,2026-07,legacy:67b12d6ce15dd407db55444702828f804a2179ee5f4c7c79515ac5b1d4c399bb,OK,,,https://drive.google.com/open?id=1yksl9R-PIE8yhfjv4HLbLHqUs9K9LSEd,Vinculado a operacion por SHA-256 local.
1UvO_Pkb-GbBGGC_SOgIHkcARTulPv9_7,PHOTO-2026-07-06-14-34-18.jpg,image/jpeg,433375,c4c30fcd4e71f9109754ec5dce61a817af6d062ac1302993106151bd5193da5c,12a56674e3bb967f44f302756b85f622afa639524f4f7ce73168c7899b94b146,2026-09-17T21:32:47+00:00,1osCORCkNaQC6YwtD5slDIHgDC5u823cn,2026-07,legacy:483fb1dc1a1963aae73b67fd90ddb9598768287a166e11996ae401a3733519d0,OK,,,https://drive.google.com/open?id=1UvO_Pkb-GbBGGC_SOgIHkcARTulPv9_7,Vinculado a operacion por SHA-256 local.
1PBPDy1V2DmBLnDtmLqMGPl1-vbtsDupv,PHOTO-2026-07-06-14-37-18.jpg,image/jpeg,531999,72b075cbcf4ff0b200cbb00479715a8c5728f854c9a170be9cb6e6a22efa5f7c,47a9cb973dc80413d97d4f24508739641f7afe12bdfe4ccb73a5eda09d9d428f,2026-09-17T21:32:48+00:00,1osCORCkNaQC6YwtD5slDIHgDC5u823cn,2026-07,legacy:59fd5889d19c75af78e6146fbab9bae8ef9878ffca9ffcf0edbc7624563d8b1c,OK,,,https://drive.google.com/open?id=1PBPDy1V2DmBLnDtmLqMGPl1-vbtsDupv,Vinculado a operacion por SHA-256 local.
1fULltaRJ1_hE-B33FxzfxwYwKMAaQPLo,PHOTO-2026-07-06-20-01-58.jpg,image/jpeg,17146,bb495f6ed52f837cc44818a82885e60e6f493fa8007dd2f0a5baa6b8b58cffe6,00f2b88a676d498d711c871b098ee504e35d5724c415e471a1e5b5bb291edb18,2026-09-17T21:32:48+00:00,1osCORCkNaQC6YwtD5slDIHgDC5u823cn,2026-07,legacy:69c60d275bda413b51949e8613ee7a185f56b463baa27e31925e4976e22ec2cd,OK_FC_NETA,,,https://drive.google.com/open?id=1fULltaRJ1_hE-B33FxzfxwYwKMAaQPLo,Facturación tomada desde FC neta.
1P9JN4VuboOGxlu3p9yW4wnj2qM4FwwYw,PHOTO-2026-07-06-20-06-13.jpg,image/jpeg,17169,9a08e17afb43c63bb7e90e0568b44e47045267f58277c7b2bcb4748124e4294a,2f016313264b8b6272bdda560f1d9eddfbee9cc0f26569b0b8afdb06cac3b197,2026-09-17T21:32:49+00:00,1osCORCkNaQC6YwtD5slDIHgDC5u823cn,2026-07,legacy:af6a51819d0bde2a63a1e282a0a10320bf1b578ebed7323d27b9c91e12e05f4e,OK_FC_NETA,,,https://drive.google.com/open?id=1P9JN4VuboOGxlu3p9yW4wnj2qM4FwwYw,Facturación tomada desde FC neta.
1cd0DiYMOT9S_mIYVAoDk64tlG7K2nEJ_,PHOTO-2026-07-06-20-18-41.jpg,image/jpeg,17077,f4fff6a64084af476756417b81a8c9fc2797cfb79469a2df5957461bdbbced91,da01d30b4c65d3269530e198d06272485034e445ae8780b7bef6561d69dcfb43,2026-09-17T21:32:50+00:00,1osCORCkNaQC6YwtD5slDIHgDC5u823cn,2026-07,legacy:1353c6a0d0c313995504d20e851401f0d7b7cbc53122a6b1b0543884c4b72f33,OK_FC_NETA,,,https://drive.google.com/open?id=1cd0DiYMOT9S_mIYVAoDk64tlG7K2nEJ_,Facturación tomada desde FC neta.
13J7FNPrP6XvayJ4aCOIiYd-iVROPHWav,PHOTO-2026-07-06-20-23-30.jpg,image/jpeg,16927,0ca28105c62e3ace1f6b50ff88fbb3fcc80e5c8a3144b4c0425c300c081884b4,655e94a5d87d9b070a5ce1b4d3b742fd13553ad528239acc085cd4e04a901334,2026-09-17T21:32:50+00:00,1osCORCkNaQC6YwtD5slDIHgDC5u823cn,2026-07,legacy:7cdade6f848912b10256115b958b036ae37adfb0e328560f85055771cd1dc3f6,OK_FC_NETA,,,https://drive.google.com/open?id=13J7FNPrP6XvayJ4aCOIiYd-iVROPHWav,Facturación tomada desde FC neta.
19N60VTAmnISKXNzCqTIo19r9KgJJRaNz,PHOTO-2026-07-06-20-27-52.jpg,image/jpeg,17209,8213664bb12ed3b43286285e9a6a3f5d6df25e41d51d0e8164bbec605cd0f5ec,e4b3d3e253311502ed093a700e3dc75781f06c4ec63e0757e488fb7b8a83b610,2026-09-17T21:32:51+00:00,1osCORCkNaQC6YwtD5slDIHgDC5u823cn,2026-07,legacy:f8e002f700052c0480e5764c7fd2a288cd6656b83ca6e30e4e373bdbc4c8290b,OK_FC_NETA,,,https://drive.google.com/open?id=19N60VTAmnISKXNzCqTIo19r9KgJJRaNz,Facturación tomada desde FC neta.
1vnacOkmr1vdvY9yKkqF-XY1DBBX7IBcv,PHOTO-2026-07-06-20-34-28.jpg,image/jpeg,17159,fbb27fb3215fc54074c3efbd4af11d2a00d6a4c3b61c35bd64c8a2d2b638e059,5c9bc56c13621f9fe8c467946c31df0108e283b303ad5d3a7e74bdee8f19c02c,2026-09-17T21:32:52+00:00,1osCORCkNaQC6YwtD5slDIHgDC5u823cn,2026-07,legacy:ca291e052922d5ef296ebf5c19c365c0579ec3d82d2b884efda8bb3361fde8f7,OK_FC_NETA,,,https://drive.google.com/open?id=1vnacOkmr1vdvY9yKkqF-XY1DBBX7IBcv,Facturación tomada desde FC neta.
1CRTDpRvVd_o-eXxm9Y_f66Oc50V7fyuD,PHOTO-2026-07-07-10-25-39.jpg,image/jpeg,434814,2218c85b917918ec358c56b1068db818bce04b995ddac8e5a5bd41de91fd2128,9362222bd8aad38a03c5acbfe63f228b005c217503ee0b8643c020167e223767,2026-09-17T21:32:55+00:00,1osCORCkNaQC6YwtD5slDIHgDC5u823cn,2026-07,legacy:3a31f3cd546905af8f586f71f67bb52928157f6f5253f561cc7fe9054db28a4c,OK,,,https://drive.google.com/open?id=1CRTDpRvVd_o-eXxm9Y_f66Oc50V7fyuD,Vinculado a operacion por SHA-256 local.
1DNJRvZvtF1zX5FoxeFaNTlE-kNSE8XYy,PHOTO-2026-07-07-12-08-14.jpg,image/jpeg,480254,efebe75b1ad680801c132ad2d2bbc67b45872540018cebc19c39516de7a86104,45dd26f6148ebd024b7c062bcd6ba70d47015d932d8e6a961316b59d5dc251c6,2026-09-17T21:32:53+00:00,1osCORCkNaQC6YwtD5slDIHgDC5u823cn,2026-07,legacy:d2019290c9837d5ee77010542d4a9a6a1dbdbc0e40895ca2b88db3e571722bc3,OK,,,https://drive.google.com/open?id=1DNJRvZvtF1zX5FoxeFaNTlE-kNSE8XYy,Vinculado a operacion por SHA-256 local.
1LhMgAItxqSpc1376NuFFdhuMFymdbmvp,PHOTO-2026-07-08-11-46-09.jpg,image/jpeg,201297,650b6f1a9e53c94ac5c17c2ceaac15aff6ccf0e716690e1c35b47990c75f915b,5fd5d96782ce1a1d857bf9dd06e0d687e4076788f13fa57fe268517daa59c62b,2026-09-17T21:32:58+00:00,1osCORCkNaQC6YwtD5slDIHgDC5u823cn,2026-07,legacy:02312480427232531456cb55457266e24b7920f26bcc37e896b0ae3df48e43b8,OK_TRANSFERENCIA_1_2,,,https://drive.google.com/open?id=1LhMgAItxqSpc1376NuFFdhuMFymdbmvp,"Modalidad TRANSFERENCIA_1_2: costos pagados previamente; base calculada desde ECHEQ/transferencia visible al 1,20%."
1-vIkFPPTNAefniLiQM55UnREr6U7RG45,PHOTO-2026-07-08-16-37-11.jpg,image/jpeg,319607,9e870e6ebab0fdc929ef34938f7d58f211a8fc0cc755cefd5a7b41dd5ab3083c,847e26cd9dadf85c2dc8678926ee8a3e8a1c748866aff1b652a5473823e4fb09,2026-09-17T21:32:57+00:00,1osCORCkNaQC6YwtD5slDIHgDC5u823cn,2026-07,legacy:77ebacaca098e01ab86aa412cdf1f17a1d01385c76e68c63a2a274e7f98e68a9,OK,,,https://drive.google.com/open?id=1-vIkFPPTNAefniLiQM55UnREr6U7RG45,Vinculado a operacion por SHA-256 local.
1JBnVCbL-NDQTQbC-qkTUTFZbyshFuZ7i,PHOTO-2026-07-08-16-37-11.jpg,image/jpeg,415590,680aa7e6493b2d549d63536f1404aeb6090baf8983530dfb1b08d61467d56cfc,c7c3773a179b2757b066a8c1beeaa7e6b294937649444c7d3d90ef437dd84e0d,2026-09-17T21:32:55+00:00,1osCORCkNaQC6YwtD5slDIHgDC5u823cn,2026-07,legacy:037c5e995af019f45fc74692a3c177a76766fd76b03b7abaf8b6ffd5fe35c50f,OK,,,https://drive.google.com/open?id=1JBnVCbL-NDQTQbC-qkTUTFZbyshFuZ7i,Vinculado a operacion por SHA-256 local.
1xB81XSqDTB84g3cVLyC2bv59dkvWYH5d,PHOTO-2026-07-08-17-04-24.jpg,image/jpeg,340075,be3ca74ace065aa3adf06561ec2db81c31fec6bb08f56cd5b26c2a2fe23a1691,0ea1cefeeeeade7de8b899e27f37f98293d42acf47cbc0d82bade21fda8855e5,2026-09-17T21:32:56+00:00,1osCORCkNaQC6YwtD5slDIHgDC5u823cn,2026-07,legacy:4004c32e0cb6c6f4cb470bfd848e7b9f9aa0160ef2fbf0020fa3532e9084b490,OK,,,https://drive.google.com/open?id=1xB81XSqDTB84g3cVLyC2bv59dkvWYH5d,Vinculado a operacion por SHA-256 local.
1pOau-kCUeB9w_oPz4TvTIg-nN6KuD2zi,PHOTO-2026-07-08-19-11-01.jpg,image/jpeg,17459,55b50d1446de5164f52d01ab08bf2737f7e50b5dd41b62cf868447d07382517f,91f7a020bf7e6393745b8963aec33cc0ba47b1d4b6612edebcd26e4ef90d7ec4,2026-09-17T21:32:54+00:00,1osCORCkNaQC6YwtD5slDIHgDC5u823cn,2026-07,drive:1pOau-kCUeB9w_oPz4TvTIg-nN6KuD2zi,EXCLUIDO,,,https://drive.google.com/open?id=1pOau-kCUeB9w_oPz4TvTIg-nN6KuD2zi,Validacion humana definitiva 2026-09-02: cuadro viejo Ovniplast HYF excluido por error de retenciones en origen. No contabilizar ni reincorporar.
1qDE2aRonzxl77v3YufZKDcrXFOyqP1to,PHOTO-2026-07-08-19-16-38.jpg,image/jpeg,17895,44b816b9f56921a76589e8160408db5d1fd9b4eba4813cf97cf5a8a4ee921029,e75dbed632184378506c3eb65463e95dc01677b32429e63bf3fa06c9623aed29,2026-09-17T21:32:52+00:00,1osCORCkNaQC6YwtD5slDIHgDC5u823cn,2026-07,drive:1qDE2aRonzxl77v3YufZKDcrXFOyqP1to,EXCLUIDO,,,https://drive.google.com/open?id=1qDE2aRonzxl77v3YufZKDcrXFOyqP1to,Validacion humana definitiva 2026-09-02: cuadro viejo Ovniplast Espora excluido por error de retenciones en origen. No contabilizar ni reincorporar.
17kmlXEIMdhloZy9FT7QO3UK2YwUOKdbY,PHOTO-2026-07-09-19-29-05.jpg,image/jpeg,356940,eb8371e26264cfb9340703d462be629a0c7e40a739f6cd6ad8dd073ce7043154,8ccab19e095e26d8d0b6e68ea8d7bfe66c96f10972680517f823cbbc3e9c9f90,2026-09-17T21:32:58+00:00,1osCORCkNaQC6YwtD5slDIHgDC5u823cn,2026-07,legacy:3015bd50a04bef756210b0c11cd0cf09105629471cbad359e05ccbfc62131368,OK,,,https://drive.google.com/open?id=17kmlXEIMdhloZy9FT7QO3UK2YwUOKdbY,Vinculado a operacion por SHA-256 local.
1wJjtTenKUee9D11bNK_skiIZ9jqmoFbi,PHOTO-2026-07-13-12-24-57.jpg,image/jpeg,574748,a0a9bb71f08a157a5e30cf604ba322526df49ad251aa7d58bd089e47fa701149,eda658f920f8304fe621f7bc7a52c02fe4ac1e3a0e25d822eede723aab3b45d9,2026-09-17T21:33:00+00:00,1osCORCkNaQC6YwtD5slDIHgDC5u823cn,2026-07,legacy:0bd0260cd7b02692706db4c87e9e99bc889901f1f7d2dbdb463115c1d8f106bd,OK,,,https://drive.google.com/open?id=1wJjtTenKUee9D11bNK_skiIZ9jqmoFbi,Vinculado a operacion por SHA-256 local.
1h4fsM3lYtrG-57W0yig5t137CkS-x6iD,PHOTO-2026-07-13-17-50-13.jpg,image/jpeg,472470,4db6523e2025c23475a7ea3cb8643956fa05e5b656a231eed916cfc166735c12,e90a7266d0766d70d0aa26b2c76a9df8ca760a32ac9eecafe7c7f07bd790c395,2026-09-17T21:33:01+00:00,1osCORCkNaQC6YwtD5slDIHgDC5u823cn,2026-07,legacy:c52985e8f37210de265bc27e6653a7349fc8dffcc45edae0595f746683197050,OK,,,https://drive.google.com/open?id=1h4fsM3lYtrG-57W0yig5t137CkS-x6iD,Vinculado a operacion por SHA-256 local.
1LpAVQF7-m_8vOlYo6-gBb7NfruLP41_G,PHOTO-2026-07-14-11-35-06.jpg,image/jpeg,234513,195b13b5940d0ac00103c08a836a5b28fa8a40e48be52213fe85c039b14dd230,e1d0c3077211995c26ec9020ac755fa067168c47051b76c501e63552e42600cd,2026-09-17T21:32:59+00:00,1osCORCkNaQC6YwtD5slDIHgDC5u823cn,2026-07,legacy:cb08dfec209c3465d599fe8342fce5523f3c81d1906e4e49eb45ff044373177f,OK_TRANSFERENCIA_1_2,,,https://drive.google.com/open?id=1LpAVQF7-m_8vOlYo6-gBb7NfruLP41_G,"Modalidad TRANSFERENCIA_1_2: costos pagados previamente; base calculada desde ECHEQ/transferencia visible al 1,20%."
1d22AyxHqJNPImjLr3xgRzDb4nuTQ5Fu3,PHOTO-2026-07-15-12-04-44.jpg,image/jpeg,338102,e2c219762c7ac99f62bf560687d554074f9ca3ba264d9e4ab01cecbdd88a54c1,00d237bda3c579ae832109b9209976c0d4147e1c4c377ca2ef6968146e5398f6,2026-09-17T21:33:02+00:00,1osCORCkNaQC6YwtD5slDIHgDC5u823cn,2026-07,legacy:32ab58c83e7f11e8fb02557dd535d846ebafaeeaebca1d1be8bfcbeead16db24,OK,,,https://drive.google.com/open?id=1d22AyxHqJNPImjLr3xgRzDb4nuTQ5Fu3,Vinculado a operacion por SHA-256 local.
1TePQMXR0h-E8pKelCfVsGe2FAJSI4UUN,PHOTO-2026-07-16-15-53-43.jpg,image/jpeg,418581,9f89fec9ce66792165d38ca7d9ff6a5d4af6119e39353760f970b566bbcdfec3,52a3ac322f3ed364150a126463dfd3bee1cb0c67386486336d23919da8634420,2026-09-17T21:33:03+00:00,1osCORCkNaQC6YwtD5slDIHgDC5u823cn,2026-07,legacy:8e8994fde54b1b83a69fe07da27eadd50439319407c35ee0bb808d5a2acae8e0,OK,,,https://drive.google.com/open?id=1TePQMXR0h-E8pKelCfVsGe2FAJSI4UUN,Vinculado a operacion por SHA-256 local.
1fbxf3PjfNG3UgnzQ5ZR8Q2Drht0MhK8j,PHOTO-2026-07-17-16-09-44.jpg,image/jpeg,452088,7f390e7a242dc794ec682295f0740a92350078fb14d7441026705b050574f98d,d0ebe00086ebfe879a8df29a55906d919224fc6403bcb99b376c0b399565d668,2026-09-17T21:33:04+00:00,1osCORCkNaQC6YwtD5slDIHgDC5u823cn,2026-07,legacy:6af673444e6d838e7c24f5b29613c0369c23efa17d0e394f3c2facfc12d52c9a,OK,,,https://drive.google.com/open?id=1fbxf3PjfNG3UgnzQ5ZR8Q2Drht0MhK8j,Vinculado a operacion por SHA-256 local.
1uP_ZEbt__k8iJ3yusRqqMxHDzp7J_s2E,PHOTO-2026-07-17-16-22-51.jpg,image/jpeg,586724,f9c8c0300c3b3868e6476924ac74c98b3460fe9e45081bee7cff56be5cb461e7,c368af44cf685aa5cfe475fc42286ee07eaf60d6189e7a1a703e0a3a27a113e9,2026-09-17T21:33:02+00:00,1osCORCkNaQC6YwtD5slDIHgDC5u823cn,2026-07,legacy:b7170ccb456824fa76f672e94e5f5775c7d8cb990b0ab4fcdadb384e8788ed04,OK,,,https://drive.google.com/open?id=1uP_ZEbt__k8iJ3yusRqqMxHDzp7J_s2E,Vinculado a operacion por SHA-256 local.
1kcoH_dCvARNRbKSmn-oCYIShvQnKxKjc,PHOTO-2026-07-17-17-26-56.jpg,image/jpeg,509725,64ed7355694ccee9745454fd73d7135721c75c4acae91d85e15bfc8076ce207d,41e0335e80ffadb8f882fe090d143498757faf632047663422acaf6cc7d3f748,2026-09-17T21:33:05+00:00,1osCORCkNaQC6YwtD5slDIHgDC5u823cn,2026-07,legacy:3bf71c4171384fa12266cebedb5d06d471252ebd097f91757ed228650578d4dd,OK,,,https://drive.google.com/open?id=1kcoH_dCvARNRbKSmn-oCYIShvQnKxKjc,Vinculado a operacion por SHA-256 local.
1Zo91WMgZjPQI2DVXJaWgkF6O5sKZd8Sh,PHOTO-2026-07-17-17-26-57.jpg,image/jpeg,440148,d68a5aa255d862571a7eb46a84c06cc9f4b3de1b1d7d366bd8c47d3039600524,bcb845f92a5c550a718ea863803bb7f5c77da9b0459dabd56eae1cd4236ee47a,2026-09-17T21:33:06+00:00,1osCORCkNaQC6YwtD5slDIHgDC5u823cn,2026-07,legacy:8ddb734ddfe195d970b4fcc5fb1d6e703aed46067e676015a65b8f2a88863813,OK,,,https://drive.google.com/open?id=1Zo91WMgZjPQI2DVXJaWgkF6O5sKZd8Sh,Vinculado a operacion por SHA-256 local.
1Nr2xutqRj_5nkNQGY2tMaj8FIxrPnjcr,PHOTO-2026-07-18-02-49-10.jpg,image/jpeg,16589,1fcc5f18b8d36a145088ac1e2b146f4797d10969fd1dc0ffc4ad53fd3b0e6b3e,175f825803fd4b4d0b3bd0ad0a6aa4470e55372e479029a18df513d41b3f38ff,2026-09-17T21:33:05+00:00,1osCORCkNaQC6YwtD5slDIHgDC5u823cn,2026-07,legacy:52d99e2deb869a2f608cdf9716eeaa2adf20e3fae6a6fc2f28283cbe388e7000,OK_FC_NETA,,,https://drive.google.com/open?id=1Nr2xutqRj_5nkNQGY2tMaj8FIxrPnjcr,Facturación tomada desde FC neta; margen bajo.
16WqbG9MsrmPn28FX57yLmXLBfaFFfQWk,PHOTO-2026-07-18-03-08-48.jpg,image/jpeg,16924,2fe294f33201a9108d38e4a0e4e04c56fd037b84beeaf6b5b6f8fc760ac6641b,e36ee5c48d5cf6ea9223ae0633e307311f5b118129d6ba92a929804833e030bc,2026-09-17T21:33:07+00:00,1osCORCkNaQC6YwtD5slDIHgDC5u823cn,2026-07,legacy:54ee7beb39f4474c4b38ecee40cc957371a734a12c8e98c7d0a2b1f893cb0a42,OK_FC_NETA,,,https://drive.google.com/open?id=16WqbG9MsrmPn28FX57yLmXLBfaFFfQWk,Facturación tomada desde FC neta.
1t3G4HnWEJc3_j908Z0by07sZ85yum7km,PHOTO-2026-07-20-12-54-42.jpg,image/jpeg,530245,5e83678a79d460f35d3e635eeaf7c148566ef521a0366d421382f8b42cd892eb,8c015c8142f30c1161901c8983c278e24f2c4f0dbf896106faef37aa5926631f,2026-09-17T21:33:08+00:00,1osCORCkNaQC6YwtD5slDIHgDC5u823cn,2026-07,legacy:485063d1bce0bc16cccdf11b960a70155a244cd295a211b3180def60c1636dbb,OK,,,https://drive.google.com/open?id=1t3G4HnWEJc3_j908Z0by07sZ85yum7km,Vinculado a operacion por SHA-256 local.
1fHQIH4oHUmldn73Kmqh3LDO4CulZzxeS,PHOTO-2026-07-20-15-39-58.jpg,image/jpeg,534516,0a5496b07b346fb5f9e702b98cb286696b462da7b4df2a78896fd67a89bdd09c,7982efc3c812ee8afb84706916ad8ff21b8d83ab5ffba6b59883fb4c66ce1a55,2026-09-17T21:33:09+00:00,1osCORCkNaQC6YwtD5slDIHgDC5u823cn,2026-07,legacy:2d18b5d9523d941e9dda326e11ab4af4ef56be31ebfad6b8484401c0874af09d,OK,,,https://drive.google.com/open?id=1fHQIH4oHUmldn73Kmqh3LDO4CulZzxeS,Vinculado a operacion por SHA-256 local.
14yk2K-16rHGjdPFsmQho73iDbNFZdVoP,PHOTO-2026-07-21-11-17-58.jpg,image/jpeg,266537,de09a354432fb51425fd289b6f105ade9ac8bd8e08f1c858a47ee7d166764d0c,828b9a4032d3bbfc5e12548a651b27c187d996d5e1cca946ca290de12ef680e7,2026-09-17T21:33:10+00:00,1osCORCkNaQC6YwtD5slDIHgDC5u823cn,2026-07,legacy:c8d2df1343b37d08425988ab4bc9322d27d2a99c388dfe8433e4998bccefd2d5,OK,,,https://drive.google.com/open?id=14yk2K-16rHGjdPFsmQho73iDbNFZdVoP,Vinculado a operacion por SHA-256 local.
1q5R2409Oecphu7c98qDW3JoyUaRjiWee,PHOTO-2026-07-21-11-31-46.jpg,image/jpeg,463286,82b0367c7ec72e6b2b254ce1a75ffb44729d132eb89cd1dbf2379fff842130e4,0b471a7da691a6a4f48a099d5ace49fadfa4dbde60c78df381686eb4c70e0fcb,2026-09-17T21:33:09+00:00,1osCORCkNaQC6YwtD5slDIHgDC5u823cn,2026-07,legacy:2039b0d2cdf379ced8dd02633b808aa977b1216f2bd4fedde6b4da6aa5fe8cec,OK,,,https://drive.google.com/open?id=1q5R2409Oecphu7c98qDW3JoyUaRjiWee,Vinculado a operacion por SHA-256 local.
1tANGs2F_Q9ZMNDDJEJeSWnNj0i1UY8Gk,PHOTO-2026-07-21-11-43-01.jpg,image/jpeg,515462,8d71c71c8a23072bfebcd3cd37398c5e6c0c16ab05b991f3879c1df7ab043c8a,a7a85efe3471be7df4bfa0fc6c840c9a49e9d8802c6687a5e1cd7b15b730238f,2026-09-17T21:33:11+00:00,1osCORCkNaQC6YwtD5slDIHgDC5u823cn,2026-07,legacy:9404dcb6ac4596aeb252d4789ee2345d4dae61c191e883242c8abeefa4a17261,OK,,,https://drive.google.com/open?id=1tANGs2F_Q9ZMNDDJEJeSWnNj0i1UY8Gk,Vinculado a operacion por SHA-256 local.
1ZY_q2cZjsF_Pc1R37DcLbCCEOBRvLqQC,PHOTO-2026-07-21-12-11-40.jpg,image/jpeg,347949,304ee692a312b1da8f96267330d8625c79e285f5f5cb3f0a13d835ce4d960efd,0925d89e932410ff3f7e29e87ec2057d10996ec327171e6714a7243485a8a405,2026-09-17T21:33:12+00:00,1osCORCkNaQC6YwtD5slDIHgDC5u823cn,2026-07,legacy:1430b6d7df207071ecf6293faf0d0371456116f4bb92bafd44415c8d7367b8c1,OK,,,https://drive.google.com/open?id=1ZY_q2cZjsF_Pc1R37DcLbCCEOBRvLqQC,Vinculado a operacion por SHA-256 local.
1RspR3F49zZTqwlOrTjbK72ZlUUHrzMTZ,PHOTO-2026-07-21-12-21-28.jpg,image/jpeg,452393,5c17408cdaa277705cf192c0453646a1cbd4412ad1f9f0eafd61b56fbc07405d,68bcc2fd20234308b122cc8085113e2fac7112abf2aa40e990b4de5a4b945dbe,2026-09-17T21:33:13+00:00,1osCORCkNaQC6YwtD5slDIHgDC5u823cn,2026-07,legacy:085d0cb2f84f0b2e3982c410f0b6deefe2564abb5c7212cb3027a32f04dfbf55,OK,,,https://drive.google.com/open?id=1RspR3F49zZTqwlOrTjbK72ZlUUHrzMTZ,Vinculado a operacion por SHA-256 local.
1cs-1wXJdD_Z-Ow7GwclZQHn-8uJo5cc7,PHOTO-2026-07-21-12-36-33.jpg,image/jpeg,442200,3e03aa9754c39d65787a5c41239a821442ec7e7db9fac623c4ea743203b68bee,d4602da325fa00d6c6ee2ad146fc000a1cbd43089dbf975d425ff4ec7117e3d4,2026-09-17T21:33:14+00:00,1osCORCkNaQC6YwtD5slDIHgDC5u823cn,2026-07,legacy:f5c36c962f7673ab5036104b4ac831ea8b687824df643dd108f56b7f4aa5f2cd,OK,,,https://drive.google.com/open?id=1cs-1wXJdD_Z-Ow7GwclZQHn-8uJo5cc7,Vinculado a operacion por SHA-256 local.
1Mt8nUUPSYnebyxLsDTMxKAOAJkxdElW_,PHOTO-2026-07-21-12-51-18.jpg,image/jpeg,440975,23fd7abebf2f90f054d41924530a16740af86c8ff4050976fa0f75c1f666d185,06faaee2af52d63a4b0d0aa0558ec8cc6de69944cc340e2e43cd9ac2af5be2a8,2026-09-17T21:33:14+00:00,1osCORCkNaQC6YwtD5slDIHgDC5u823cn,2026-07,legacy:ec588629b10f43ea6c783731a4b6e0f86599a17b100ed39d3c24491ced637680,OK,,,https://drive.google.com/open?id=1Mt8nUUPSYnebyxLsDTMxKAOAJkxdElW_,Vinculado a operacion por SHA-256 local.
158Eyz7fYdUxwO1RLIeDi0rpxf2KnDilY,PHOTO-2026-07-21-13-23-07.jpg,image/jpeg,288434,2a1183b389a78cedc87703368460130c6ea42750745bedbd660f08aac30c95c9,f3b2fecaab002ffac0ddd15016d5d3eff04c683ded3dbeb1673a9a6daad09419,2026-09-17T21:33:16+00:00,1osCORCkNaQC6YwtD5slDIHgDC5u823cn,2026-07,legacy:24f1baf004dc5d675296491d684ab55442e51a2c2a60ed69c8f42d23053f4d55,OK,,,https://drive.google.com/open?id=158Eyz7fYdUxwO1RLIeDi0rpxf2KnDilY,Vinculado a operacion por SHA-256 local.
1jBfc30_UI0kI0dB8AFfhzgzgUlkFChhZ,PHOTO-2026-07-21-13-23-07.jpg,image/jpeg,285774,f73000d1603ad1f8f23ed65ba4ab0d76e1d364679171ced0ce00e11b84689d45,c32cac6c0d37c1fde31a9c652f999776e7d483547f9387cdec4d8ced0948e144,2026-09-17T21:33:15+00:00,1osCORCkNaQC6YwtD5slDIHgDC5u823cn,2026-07,legacy:d045f78aae7d70a102843372fabd28e8a72f49cc28c7c770e528246bc10831d5,OK,,,https://drive.google.com/open?id=1jBfc30_UI0kI0dB8AFfhzgzgUlkFChhZ,Vinculado a operacion por SHA-256 local.
14x3l8U7Ls2I_Pi16lYYBxk95E866lok1,PHOTO-2026-07-21-15-55-20.jpg,image/jpeg,492349,9967c1ace2647769bc0176782f0785b10146de6e5613dfea4782e34e4808a2ca,8233e00d677d82059ff01c5ea4bda83781b0bcc8172b2f4618c69581043623e8,2026-09-17T21:33:19+00:00,1osCORCkNaQC6YwtD5slDIHgDC5u823cn,2026-07,legacy:b338588c0e2b3ff2f15b7112667a5bf8a1556bb5d3f505620d47e7cefe595502,OK,,,https://drive.google.com/open?id=14x3l8U7Ls2I_Pi16lYYBxk95E866lok1,Vinculado a operacion por SHA-256 local.
1lV2EeVBrCBqp5r6g8SXRfXJkn9nMaYss,PHOTO-2026-07-21-15-55-35.jpg,image/jpeg,353526,76aa8dc0985b7578bf0f315dbe9e0e5fc4ec8d044818f9241d3164184f87cfba,7ff3bc4dd0befb65bc4f477e771e1adf7f7994c3820210c570d45251f185eaa5,2026-09-17T21:33:17+00:00,1osCORCkNaQC6YwtD5slDIHgDC5u823cn,2026-07,legacy:d9c55557ae0d0ecd09650317107bbf7f133868ed9ae703ae8b1db12d33de1fd4,OK,,,https://drive.google.com/open?id=1lV2EeVBrCBqp5r6g8SXRfXJkn9nMaYss,Vinculado a operacion por SHA-256 local.
1neIF87viALh4wqJNSi_tAyIK3Z6ucwqp,PHOTO-2026-07-21-17-17-58.jpg,image/jpeg,498399,6595e917d2941a595daa6ae4f9cbc0e39e2b58b1d503f8869c62ca0f37ab2993,843ca3651baf6582baed0edcd762f231bd835f4882e147a4c48ead0cfa4620cd,2026-09-17T21:33:18+00:00,1osCORCkNaQC6YwtD5slDIHgDC5u823cn,2026-07,legacy:e3f0fbbeae421f7bfbe0efc22e3275dc7447018795d6d0369538db163069cbe9,OK,,,https://drive.google.com/open?id=1neIF87viALh4wqJNSi_tAyIK3Z6ucwqp,Vinculado a operacion por SHA-256 local.
1mbc6x3V333MZiZKWsK0BuEKhhmpOwmar,PHOTO-2026-07-21-19-40-36.jpg,image/jpeg,17179,a6fdb925a3a48c871df2243ab97cb28612c1a63dc56a0cb8627f5171d4e4f761,96033bb5663756deb43961ca736cc59fbc119307664f241ce87a87c2a4119f6a,2026-09-17T21:33:16+00:00,1osCORCkNaQC6YwtD5slDIHgDC5u823cn,2026-07,legacy:3ac7ced04818fba04ff2bed60466479405457a3d41759bf690d6feed81fc6057,OK_FC_NETA,,,https://drive.google.com/open?id=1mbc6x3V333MZiZKWsK0BuEKhhmpOwmar,Facturación tomada desde FC neta.
1asPKCfBR8dsbxP9DFjTA-i6UrhsmoKGN,PHOTO-2026-07-21-19-48-23.jpg,image/jpeg,17667,2edb7d08fea2e74be9549c7e69af530237a6a58c6b459ce0f0fcc371ed0806c6,3f01be4c84c100122779868caac2e1cd4a5cfbb4367712f90e6d97108c0dc13a,2026-09-17T21:33:19+00:00,1osCORCkNaQC6YwtD5slDIHgDC5u823cn,2026-07,legacy:aa34c210cacf5e8a0b0f7f28be063a40dc66e7ffe222279bf414d98d5077cf13,OK_FC_NETA,,,https://drive.google.com/open?id=1asPKCfBR8dsbxP9DFjTA-i6UrhsmoKGN,Facturación tomada desde FC neta.
1_At2F2HJPmnEBs2dOXx-tilunEx_FG2p,PHOTO-2026-07-21-19-56-16.jpg,image/jpeg,17128,aeed5294724bb90fb4c6c0d35ef068127cb532d2755ab1d28388d409aa4dbbf8,6018ef027ea9f45a53d924767358d12cda284d73fd3f46c03802f8a8f5db5631,2026-09-17T21:33:20+00:00,1osCORCkNaQC6YwtD5slDIHgDC5u823cn,2026-07,legacy:fe9e2524139045dd30bffc2675ac612d60525e025ac1e88a1d43f389b3b8e95d,OK_FC_NETA,,,https://drive.google.com/open?id=1_At2F2HJPmnEBs2dOXx-tilunEx_FG2p,Facturación tomada desde FC neta.
1u_tY9CVSOiFvX3oLDWra-WquG-JBuAvt,PHOTO-2026-07-22-12-59-15.jpg,image/jpeg,436681,b27303fb9c237553b3191141e6fe6bfe5115934f79e4475c9f83bf7e73252746,dab8ce34a3694f3725351434482efc5b770b8d7664c14fde8c303ab9cabc00da,2026-09-17T21:33:21+00:00,1osCORCkNaQC6YwtD5slDIHgDC5u823cn,2026-07,legacy:a1db9362b37e758a08bc7e510e6023976862b9b83f84a414b422a2d180047993,OK,,,https://drive.google.com/open?id=1u_tY9CVSOiFvX3oLDWra-WquG-JBuAvt,Vinculado a operacion por SHA-256 local.
1XMPhzlHsvlD90mhVupsqulKiZBoFxoa2,PHOTO-2026-07-22-13-10-52.jpg,image/jpeg,484152,6875b9e15b2d7bcde68a357c87aef943fd89ce40a454ff0bc4d93837f7244508,31b80d08085896a07396244b7789ed662c6e2ba135c086de1bf6e861ac68a7f6,2026-09-17T21:33:22+00:00,1osCORCkNaQC6YwtD5slDIHgDC5u823cn,2026-07,legacy:6e58002dda4bad9c90a32238fb27eec3c070b4fe83747d40ea7a9fa53fb1e8e1,OK,,,https://drive.google.com/open?id=1XMPhzlHsvlD90mhVupsqulKiZBoFxoa2,Vinculado a operacion por SHA-256 local.
1N2cg6VaZ7uSr5HbBKAOLlPi3YCgOzUVh,PHOTO-2026-07-22-13-30-41.jpg,image/jpeg,405264,e0b9e1c3fa60c59a4e71eebf6f1f9eeba1422871af3a5014c5a1c5da0a4c39a4,e4756dc68a89f7f4a086d3941811177919ab62cd94ba327b3bba5bb9801b3b7f,2026-09-17T21:33:23+00:00,1osCORCkNaQC6YwtD5slDIHgDC5u823cn,2026-07,legacy:01380097a1b1bfe9b2c95c5a4e7e5f3d7fae78c06fc8ca49a3104262f0a09be1,OK,,,https://drive.google.com/open?id=1N2cg6VaZ7uSr5HbBKAOLlPi3YCgOzUVh,Vinculado a operacion por SHA-256 local.
18i0d-LgrX_wvuXyvxCjLZzOsta4XGo4k,PHOTO-2026-07-22-15-03-36.jpg,image/jpeg,413458,4fc49cd7932b7863d38dff225df260a49a8bddf451ac42f538612ce585bdfc5f,3799fa3bd19ca8810f1e643ddf33a39ba1650ce734f88d088ca4c589318570e1,2026-09-17T21:33:23+00:00,1osCORCkNaQC6YwtD5slDIHgDC5u823cn,2026-07,legacy:8b6f6aa05bcecdc151f5fc03f2748e38b3e01dd738c26b85a2661a32515914d5,OK,,,https://drive.google.com/open?id=18i0d-LgrX_wvuXyvxCjLZzOsta4XGo4k,Validado por respuesta: usar ambos cuadros HYF y Espora.
1Uwz4iFUAzN8DjFYLz-0oFS15ZEvwepos,PHOTO-2026-07-22-17-41-28.jpg,image/jpeg,497882,5f6944c21b484b202da38c2fbeaefb7e5116fbd2ef988008d05605dea2e66c5f,7b6d5b27e8c0e626444f2bd5c8a2a835a87f65386b58459140d6770d75136bfa,2026-09-17T21:33:24+00:00,1osCORCkNaQC6YwtD5slDIHgDC5u823cn,2026-07,legacy:857880e0335ccf6adf52840796c3fd6f5a8f9df61ded1c5b1f1493ec13585fc3,OK,,,https://drive.google.com/open?id=1Uwz4iFUAzN8DjFYLz-0oFS15ZEvwepos,ECHEQ visible menor al facturado; revisar si corresponde a parcial.
1xI91FzAR_EstLA_TWej4DOVGpoqXWj5D,PHOTO-2026-07-23-13-47-45.jpg,image/jpeg,382407,aed016e7d096e27b14d000a065d51ec6cdc4e36209db808ee6f3b928925ed7f5,967951b9e7199cc436b36ebbbf1f3fda90e8541bc16eff79222eaf14a73d8147,2026-09-17T21:33:25+00:00,1osCORCkNaQC6YwtD5slDIHgDC5u823cn,2026-07,legacy:e8b8ff89c05c8f98ca4ef9b3672aedd35ce1be21ba8eadc48a515bd913cf6a24,OK,,,https://drive.google.com/open?id=1xI91FzAR_EstLA_TWej4DOVGpoqXWj5D,Vinculado a operacion por SHA-256 local.
1FK1ZkySJ5FDXKKeh76CLiMGUhyEjRLz6,PHOTO-2026-07-23-14-07-43.jpg,image/jpeg,502465,2a2f7b8d734501b7173f71759830b0f450da405da19166c921eed8f3fb1f1047,ec5022f60f5c09d833b883bab784dc304ecc56229a68533d4026bed78c782bcf,2026-09-17T21:33:26+00:00,1osCORCkNaQC6YwtD5slDIHgDC5u823cn,2026-07,legacy:d76b27eeaecba08d7a6a731f08039667b4184ae5b6166c3effc4245e37300360,OK,,,https://drive.google.com/open?id=1FK1ZkySJ5FDXKKeh76CLiMGUhyEjRLz6,Vinculado a operacion por SHA-256 local.
1SwGy69_Id49zv_v1y2GX_yFGZWYC75vz,PHOTO-2026-07-23-14-21-01.jpg,image/jpeg,460730,67ff0de1bf1c4f18d93bfc9e0b8168e501c779143fd2c2541fe4b93f6077d1aa,a95e88c968b66451f40b47325225be596ac15b35606ba3ec496ce4551e9d12d5,2026-09-17T21:33:27+00:00,1osCORCkNaQC6YwtD5slDIHgDC5u823cn,2026-07,legacy:ee728ff0c3a75b5ff32eb9e3e6de1fdc0a648813d86b07bb21f840ae09f51454,OK,,,https://drive.google.com/open?id=1SwGy69_Id49zv_v1y2GX_yFGZWYC75vz,Vinculado a operacion por SHA-256 local.
12qMWhBjoHdTPyCBHDM_aE4vlj5XRvub9,PHOTO-2026-07-23-14-21-26.jpg,image/jpeg,458615,75b4d2df7e8becac67d7aa6fcfdbea080c50547bbb6bb9b9e74e861e7baa8c47,5cfc010ee8e1c247c7d8f687c2cfbc173a6d67e8cf70dece662b3bd6cdb3e857,2026-09-17T21:33:28+00:00,1osCORCkNaQC6YwtD5slDIHgDC5u823cn,2026-07,legacy:46ecd036fbce24f1371466f3ae6b9c42b07e472c50849fc4fccd609f793278b8,OK,,,https://drive.google.com/open?id=12qMWhBjoHdTPyCBHDM_aE4vlj5XRvub9,Vinculado a operacion por SHA-256 local.
1_RITtRf6A1guqM1x1lV6cTt3QvB3NBkh,PHOTO-2026-07-26-20-46-23.jpg,image/jpeg,391732,0b528d7582f7fccf426238a75dfaaf6744e520b5173c0088db32d81227bac72c,75026297ebe37d0f87e4ded36c756452a019d721c5a30f21ecc856f40b1748b7,2026-09-17T21:33:28+00:00,1osCORCkNaQC6YwtD5slDIHgDC5u823cn,2026-07,legacy:af020428227b7d1a7927369bee515442b0fe500d116e19985f4cd04450b47042,OK,,,https://drive.google.com/open?id=1_RITtRf6A1guqM1x1lV6cTt3QvB3NBkh,Vinculado a operacion por SHA-256 local.
1CWWLycNHphnri9tkvgcmor9akGGEzQXo,PHOTO-2026-07-26-20-46-24.jpg,image/jpeg,416897,2db1eca4d002d4d0947e229f335a5bdc77fd5aa7eac5fa771ce0e5ca7e7a5016,d2a657662b4a64a9474f9077a41a5febb52166858679f669ac90cb5a98b5af0b,2026-09-17T21:33:29+00:00,1osCORCkNaQC6YwtD5slDIHgDC5u823cn,2026-07,drive:1CWWLycNHphnri9tkvgcmor9akGGEzQXo,OK,,,https://drive.google.com/open?id=1CWWLycNHphnri9tkvgcmor9akGGEzQXo,Operacion distinta del cuadro ECHEQ 16/07/26; contabilizar por separado según validacion de Luciano del 2026-09-18.
1GZRSHSXg6x2tnsNcDn5ZvVbGGUQMggIK,PHOTO-2026-07-27-20-57-51.jpg,image/jpeg,532069,32c98891ddf5193fc8375d01159aa9376bddef0ae6c33ed833ff55ead651f650,7beff6c8a9e08e52b07eedfe5c6c1aa3e225f042261e66f77eb3a680b7d55f5a,2026-09-17T21:33:31+00:00,1osCORCkNaQC6YwtD5slDIHgDC5u823cn,2026-07,legacy:04a5779efdccee8a08643d71a9940a76a3305835476eeb2021208d735e5617cd,OK,,,https://drive.google.com/open?id=1GZRSHSXg6x2tnsNcDn5ZvVbGGUQMggIK,Vinculado a operacion por SHA-256 local.
10AQp4po7Zt_Kkm5nn6XgyGw17oudufUs,PHOTO-2026-07-27-21-01-26.jpg,image/jpeg,265035,c970c0ba921286ee28643fee2e3f0971f9d55602ba2fc43f80bc6a6575356f4b,c58c8f33ee18699eafbd2bf7fdbc07e4dc47ceab852b5b88447c7e949ad45f14,2026-09-17T21:33:30+00:00,1osCORCkNaQC6YwtD5slDIHgDC5u823cn,2026-07,legacy:9a9fe408ea78e093e65a3a024fa5b45e6f1e6acf0ec94f38540a5bf6ca937e69,OK,,,https://drive.google.com/open?id=10AQp4po7Zt_Kkm5nn6XgyGw17oudufUs,Vinculado a operacion por SHA-256 local.
1Nk1I5LOdVth8mw_zarHyCE-Kaqk4-pKE,PHOTO-2026-07-27-21-37-07.jpg,image/jpeg,488227,b06767cda6a1adc7d74b467fc6c247d6c9e96810efa63041851ec785864e85e4,af650d65a6bc7d093335ce6bd1a68b8cc0b0d133eaf9b293260bf0e8679a834a,2026-09-17T21:33:32+00:00,1osCORCkNaQC6YwtD5slDIHgDC5u823cn,2026-07,legacy:0d937f9b95dd8581baec71364576f3ca9bd403953e1a3aaa700674612d986e37,OK,,,https://drive.google.com/open?id=1Nk1I5LOdVth8mw_zarHyCE-Kaqk4-pKE,Vinculado a operacion por SHA-256 local.
1BXMB8_euWhQEfsx2Q-hfEon7DyoC7l39,PHOTO-2026-07-27-21-46-00.jpg,image/jpeg,543508,808cdda8a79d5755d73c66feeb753192bf5a8a382e285573664bd55640bfa489,8cd5d71d05b08ffe791bdcc07c275b3f4fa0f9ad14515c71b141c3b29191cbd9,2026-09-17T21:33:33+00:00,1osCORCkNaQC6YwtD5slDIHgDC5u823cn,2026-07,legacy:f6e6b108d6e18ee329d2bf4454308a49732b489a1979ed485a8eda6e9f3836b6,OK,,,https://drive.google.com/open?id=1BXMB8_euWhQEfsx2Q-hfEon7DyoC7l39,Vinculado a operacion por SHA-256 local.
1o8zFwT0FOz7piB95svQOyXDraQ_iTf8q,PHOTO-2026-07-28-17-03-51.jpg,image/jpeg,17262,23938b834b06aa6e18051981a9e92f0166252708edb93cb538be1501f336fb80,eb1359c8e77ef112482abf3b537a4bb75c190e8c2b82e27489213954cdbccfba,2026-09-17T21:33:33+00:00,1osCORCkNaQC6YwtD5slDIHgDC5u823cn,2026-07,legacy:6aa0a5fb9489a2b2753df3aa22b2b0c79d9451cb6d901ced64709c8ce84f519d,OK_FC_NETA,,,https://drive.google.com/open?id=1o8zFwT0FOz7piB95svQOyXDraQ_iTf8q,Facturación tomada desde FC neta.
1ga7-pHTPakUlNVR815RlEUBcxNMUJJNF,PHOTO-2026-07-30-18-53-45.jpg,image/jpeg,17391,f930ff84563df481d51698406bede469b9ec0718f91fede3e07dbb9f7f225246,ba8be3e93091db1789c95a6e9e3420741809018e3470f54aef9f10092eb44fef,2026-09-17T21:33:34+00:00,1osCORCkNaQC6YwtD5slDIHgDC5u823cn,2026-07,drive:1ga7-pHTPakUlNVR815RlEUBcxNMUJJNF,OK,,,https://drive.google.com/open?id=1ga7-pHTPakUlNVR815RlEUBcxNMUJJNF,"Denominador corregido: rentabilidad calculada sobre Facturacion Neta, no sobre ECHEQ.; Fecha julio validada por Luciano el 2026-09-18 según ECHEQ visible 29/07."
19igMk1xgnrXRTYUgF8G9rV1LIt7Z8Abm,PHOTO-2026-07-31-13-36-33.jpg,image/jpeg,17373,d3345736984e8281d0b67d20137b86d20610de8b642aec92f5695f38180e254c,a54008cdae59e48011e66c54884c2a991490a5359de7b1f1f42ce9a35004313c,2026-09-17T21:33:34+00:00,1osCORCkNaQC6YwtD5slDIHgDC5u823cn,2026-07,drive:19igMk1xgnrXRTYUgF8G9rV1LIt7Z8Abm,OK,,,https://drive.google.com/open?id=19igMk1xgnrXRTYUgF8G9rV1LIt7Z8Abm,"Denominador corregido: rentabilidad calculada sobre Facturacion Neta, no sobre ECHEQ.; Fecha julio validada por Luciano el 2026-09-18 según ECHEQ visible 31/07."
1xNNpa8x_qX_laFS_VKsrqVaYIqnsNBro,PHOTO-2026-07-31-17-01-12.jpg,image/jpeg,486524,87318e81a621e1039501f09771307159d81174545372d86db4e009ca599df3b6,6e2053819877277fd26bd7881ec1ce96d8a33bd7d5323a8f62aecaf5238fa0a0,2026-09-17T21:33:35+00:00,1osCORCkNaQC6YwtD5slDIHgDC5u823cn,2026-07,drive:1xNNpa8x_qX_laFS_VKsrqVaYIqnsNBro,OK,,,https://drive.google.com/open?id=1xNNpa8x_qX_laFS_VKsrqVaYIqnsNBro,Fecha julio validada por Luciano el 2026-09-18 según ECHEQ visible 31/07/26.
1jQFzxHetZ7oVOWRh8QiPeD_Bg_nh4duU,PHOTO-2026-08-31-16-29-38.jpg,image/jpeg,17711,b9b330bf637932a25e97239ff6273b64d43ba821ef54793c66e3b7d310d72596,bb22a8c00d162d9dc4eac8091492710da3954f10dab09a3aa68f1c2a6bf1d93a,2026-09-17T21:33:36+00:00,1osCORCkNaQC6YwtD5slDIHgDC5u823cn,2026-07,drive:1jQFzxHetZ7oVOWRh8QiPeD_Bg_nh4duU,REVISION,,,https://drive.google.com/open?id=1jQFzxHetZ7oVOWRh8QiPeD_Bg_nh4duU,Cargado en agosto pero movido a julio por fecha real; no publicado porque LX-Espora fue marcado previamente como caso problemático a validar.
1uREWAdnlc6ExYDNbkCXqNPZxqSguWM_m,0c70cd20-63e7-4ab2-8cdd-98fdcbb430eb.jpg,image/jpeg,514807,2ba091b1bb674c72e4200cacaee77755ae29bb5e4951f996b80bdd63d84cccb3,ca2adf7d5d7df8a0f2fce8be325b2e35237cc5ed6eb9b6567327bcdc49ebce43,2026-09-17T21:33:51+00:00,1ZjwyNrRSLepLwt1oRlNAp4tnD_7zPxJY,2026-08,legacy:488b74e519112abd329bbb18286d0f5de97c9e985259280d25597e6d4ca21abc,OK,,,https://drive.google.com/open?id=1uREWAdnlc6ExYDNbkCXqNPZxqSguWM_m,Validado por respuesta en Control Cuadros Pendientes Octopus 112.
1BunKE5nUEbpCrQbRYzG4RlrxAF2IWsuG,6446bc96-b666-41f1-898f-c14fd6f39dfe.jpg,image/jpeg,464586,28d98cdfaed5c9f503e920be4d6e724dcc91a82c17c50332b8532d8988416def,e6b18e60887f007140184a71474703f7f3795fea0118d5eea24f97d42fc6bf09,2026-09-17T21:33:49+00:00,1ZjwyNrRSLepLwt1oRlNAp4tnD_7zPxJY,2026-08,legacy:ab32e16bf477d5d6b7ebce39452a34f834cc9a212d2e1e9b4469d4c149ca6d3a,OK,,,https://drive.google.com/open?id=1BunKE5nUEbpCrQbRYzG4RlrxAF2IWsuG,Validado por respuesta en Control Cuadros Pendientes Octopus 112.
1R7HlupYZADA90gGYGsDR0K-0LQirndTn,PHOTO-2026-07-26-20-13-53.jpg,image/jpeg,321055,c1fbc1c94a69741066757cc655244ed9a955fe0dd6185f34a8321ed5aa89c4db,97934ebde865739b359b219bccb1102a27a8fae31236af83c4268840e8c2cb2f,2026-09-17T21:33:37+00:00,1ZjwyNrRSLepLwt1oRlNAp4tnD_7zPxJY,2026-08,legacy:557fb476adb74ec17416c8e6cfdb7e79c9f76060ee7036e961de13144bf16281,OK_TRANSFERENCIA_1_2,,,https://drive.google.com/open?id=1R7HlupYZADA90gGYGsDR0K-0LQirndTn,"Modalidad TRANSFERENCIA_1_2: costos pagados previamente; base calculada desde ECHEQ/transferencia visible al 1,20%."
1I5hy987tg_syM1rRHRStVgBlY95_GUbN,PHOTO-2026-07-28-15-54-40.jpg,image/jpeg,480576,2c504d55896df280526fd158f770cf6e3bfb769051f426b623a30f515a02e7c0,abfb20c05393e379cee50d7668c754a7385e516e3b6535e3f4ff5cf90066bb83,2026-09-17T21:33:38+00:00,1ZjwyNrRSLepLwt1oRlNAp4tnD_7zPxJY,2026-08,legacy:37831bb556795f39e4858db6043fc234c9536a09ce11b99ab5b685ffef801c99,OK,,,https://drive.google.com/open?id=1I5hy987tg_syM1rRHRStVgBlY95_GUbN,Posible corrección de ficha anterior: mismo facturado con ganancia distinta. Reemplaza una ficha previa con mismo cliente y facturado.
1GpjjCRaymL4Zy245UK61ThAEvQLUB1Cn,PHOTO-2026-07-30-14-53-03.jpg,image/jpeg,452959,2a113a7a38d73aa35128dc167fcebe2c151f6751ce9afbbab917941345ce4f8d,a485944e9deb5a799ba7efefcced837755348d0313a24a6dd897a46f39d7a494,2026-09-17T21:33:39+00:00,1ZjwyNrRSLepLwt1oRlNAp4tnD_7zPxJY,2026-08,legacy:df88fd59919beda8e4193753ec9cbc14f6d6679f47d557f5ed29b93f341d092b,OK,,,https://drive.google.com/open?id=1GpjjCRaymL4Zy245UK61ThAEvQLUB1Cn,Vinculado a operacion por SHA-256 local.
1bZtLlqSF8eRQ2l6pPcWxwAJfYEQfoE63,PHOTO-2026-08-03-17-20-22.jpg,image/jpeg,309865,0226cc5f771bb4955f731c5424a16502e7f00d74f6d0488e0136713e4d039444,357b20f981f8f62ec824625e7cb8e349629b39393d645fc06d214784bdfa9aaf,2026-09-17T21:33:41+00:00,1ZjwyNrRSLepLwt1oRlNAp4tnD_7zPxJY,2026-08,legacy:43384c74dfd705cfd39390848784ed141aec20b884d6659a8135034aea40844a,OK,,,https://drive.google.com/open?id=1bZtLlqSF8eRQ2l6pPcWxwAJfYEQfoE63,Vinculado a operacion por SHA-256 local.
1dMs94cCmBSr-2GdqdtER8fgT4wX7nffY,PHOTO-2026-08-03-17-20-22.jpg,image/jpeg,291810,2b1daaef37689bad078cd9c74b272647664652c760aca851c61f555aed23f37d,c1097a3fc2c730693cd1decd18b34a1a5e4c0c803bb180b225baf5dee7c133b0,2026-09-17T21:33:40+00:00,1ZjwyNrRSLepLwt1oRlNAp4tnD_7zPxJY,2026-08,legacy:3a80331579dcb8fb430253f0f1212344f62d74b448eb8a8039045f7ad691587d,OK,,,https://drive.google.com/open?id=1dMs94cCmBSr-2GdqdtER8fgT4wX7nffY,Vinculado a operacion por SHA-256 local.
1TK1857yg8B4NdBDGFrMzF73ANTce4LeE,PHOTO-2026-08-04-20-47-41.jpg,image/jpeg,519843,67044f1132a3e8d4571bf54bf663f9546c5e853f3a795736fa431772045c2543,97d63e73e805fe20221c0c489d3ec136cd9eb664f4e1071d949d2da7352db0a0,2026-09-17T21:33:41+00:00,1ZjwyNrRSLepLwt1oRlNAp4tnD_7zPxJY,2026-08,legacy:de29b11c828e95929375d09f6fce117d1fef4f164522873698a1b2fe8a443202,OK,,,https://drive.google.com/open?id=1TK1857yg8B4NdBDGFrMzF73ANTce4LeE,Vinculado a operacion por SHA-256 local.
1LPVfZlZZknsPFOCG_rCrZuPDSlh6cqg1,PHOTO-2026-08-05-15-37-43.jpg,image/jpeg,497747,edd7bd653d3bdc854d0b877dead81df387ddba2646d6c5ad943c97222559acac,dbbd5496384e2dac33b994b002adad11a6553b84518eb3e7b8fe2766b492e8e8,2026-09-17T21:33:42+00:00,1ZjwyNrRSLepLwt1oRlNAp4tnD_7zPxJY,2026-08,legacy:8448eb3f91f7abcc9ccbe30e7165b6296250ba200d8cd5795b7c8f40325a9770,REVISION,,,https://drive.google.com/open?id=1LPVfZlZZknsPFOCG_rCrZuPDSlh6cqg1,La ficha dice MAYO-JULIO 2026; revisar antes de tomarlo como agosto.
1jHrRzGwTix32IH0h_9JCwxe6SN2BcARB,PHOTO-2026-08-06-13-34-05.jpg,image/jpeg,361212,989f975bf363a5f88df28646c082c6d0c2fdf2dc57f7271a2387755dc01ad776,cdfde7b1892c2cf580f735eba6d8692f5401fd3351acc36ee5792dc6e57d3468,2026-09-17T21:33:43+00:00,1ZjwyNrRSLepLwt1oRlNAp4tnD_7zPxJY,2026-08,legacy:f964ab33bed32ff9c459fc142ce0dd3a922d5d1aae055101ce85fb453b042ace,OK_TRANSFERENCIA_1_2,,,https://drive.google.com/open?id=1jHrRzGwTix32IH0h_9JCwxe6SN2BcARB,Modalidad TRANSFERENCIA_1_2: costos pagados previamente; ganancia validada como 1.20% del ECHEQ visible.
1TRiNjVokINKmvNF8E2w1JnsS_4qYWQzi,PHOTO-2026-08-06-18-53-30.jpg,image/jpeg,17292,a3dc4094fcd83fb8ada1f1a27383267365b668e8f46adf1945463eb04a65e126,f1b9a6c415ee9166268ee1f17fbd77708c032e789b008de4a7b85f33a3a12bca,2026-09-17T21:33:43+00:00,1ZjwyNrRSLepLwt1oRlNAp4tnD_7zPxJY,2026-08,legacy:26ab5818027def967e916bad607f7e52a685f397b94b913bd7a60d15737951c9,OK,,,https://drive.google.com/open?id=1TRiNjVokINKmvNF8E2w1JnsS_4qYWQzi,Extraido de Drive Pendientes Agosto; FC neta usada como Facturado.
1UVYZyB6JnwgCPKInVOGUgokdjOgqUyuQ,PHOTO-2026-08-06-18-54-57.jpg,image/jpeg,16993,511ae1309e774897868148a4839d7b11a608a9affa334c07a423758c971d5841,f02a7d972764c7f420314250a556c1df6f2985006da989a653875e73af00a4c8,2026-09-17T21:33:44+00:00,1ZjwyNrRSLepLwt1oRlNAp4tnD_7zPxJY,2026-08,legacy:3c5c811585aaef54a9a8e68a0c4b5ae2d77915063bab2c9c2d70e0d71c444538,OK,,,https://drive.google.com/open?id=1UVYZyB6JnwgCPKInVOGUgokdjOgqUyuQ,Extraido de Drive Pendientes Agosto; FC neta usada como Facturado.
1rTEcc2oVPohcvWiyqXWoBnCP0I91W70I,PHOTO-2026-08-06-18-56-58.jpg,image/jpeg,17187,84b85179e02e85f30aeddb47a247598a57f3913111d7faf740942ceee9bc9344,245f4101fb00e89a80074f8f34b1ea268dbf1487197e7993acba125441c1c8a5,2026-09-17T21:33:45+00:00,1ZjwyNrRSLepLwt1oRlNAp4tnD_7zPxJY,2026-08,legacy:d46d15ec28c4ff42a2f6f22896015752aee94e7fd5ad0dc9ec61184d40a76170,OK,,,https://drive.google.com/open?id=1rTEcc2oVPohcvWiyqXWoBnCP0I91W70I,Extraido de Drive Pendientes Agosto; FC neta usada como Facturado; ambas fechas ECHEQ corresponden a agosto.
1081Acf9BcMtLxFg9R8RwBypHGagAzjh7,PHOTO-2026-08-07-10-45-04.jpg,image/jpeg,529544,8a3f88fd05a4a35941856ffc039d6029e11e53c1e23e4ff53ec537748e9cc2d5,41d54a29070eb00fabca1c6a90ef653556e0b299800a9d381c68091b1010bc3b,2026-09-17T21:33:46+00:00,1ZjwyNrRSLepLwt1oRlNAp4tnD_7zPxJY,2026-08,legacy:d609e8309e463059dd13557c68536ae9093c9dc899118f8d46719156bab6acd9,OK,,,https://drive.google.com/open?id=1081Acf9BcMtLxFg9R8RwBypHGagAzjh7,Extraido de Drive Pendientes Agosto.
1qtqZg4q4fGNfVC_an273zKBBB062BLSH,PHOTO-2026-08-07-12-19-06.jpg,image/jpeg,400647,86312745b2dbece4876934b94b187e6ed8376bd24a528d51ac54568a279ffa8f,b7f5f51bea91ff7b690275a2d9d65f7f81884e362debc90e78cad893b6504159,2026-09-17T21:33:47+00:00,1ZjwyNrRSLepLwt1oRlNAp4tnD_7zPxJY,2026-08,legacy:4b3db3b21e98d7fa2408c14fb4df1071ea65671c35f72183a355aef907432734,OK,,,https://drive.google.com/open?id=1qtqZg4q4fGNfVC_an273zKBBB062BLSH,Validado por respuesta en Control Cuadros Pendientes Octopus 112.
1TUOGSUMr91uZtVTYrK-fSKorswekDIWA,PHOTO-2026-08-07-12-47-45.jpg,image/jpeg,446241,fc357a4bb247fb1b9d6337d1082f4194b6f50a754914a0536a1424792dbf0341,8542bcfb7c3cc9ed7dc2e8f79bc2905707add8e21935f37cebc6368d58efa7a8,2026-09-17T21:33:47+00:00,1ZjwyNrRSLepLwt1oRlNAp4tnD_7zPxJY,2026-08,legacy:ab8f7387c94d90a170a16e19a38ea48f9c4f72b05229d0ef8c15f13349b32635,OK,,,https://drive.google.com/open?id=1TUOGSUMr91uZtVTYrK-fSKorswekDIWA,Extraido de Drive Pendientes Agosto.
1R83eNd9rL-Qgv_9oj09Nw8RExpu33kgC,PHOTO-2026-08-11-11-19-48.jpg,image/jpeg,537133,c806561bec88a12d31a7b17a058f852d99e0dded0c8dd2d5fd2f21c15d6d4bed,fbd2990f353829ccec8c000501e05c367f2cdb8e9e80b64b97aec4f0cc3640bb,2026-09-17T21:33:53+00:00,1ZjwyNrRSLepLwt1oRlNAp4tnD_7zPxJY,2026-08,legacy:1e1d1ad18b58bda221b1455d933c93b0e274fcbac6aafe71ad6afba1806e0516,OK,,,https://drive.google.com/open?id=1R83eNd9rL-Qgv_9oj09Nw8RExpu33kgC,Validado por respuesta en Control Cuadros Pendientes Octopus 112.
1skqrv6gXxfyGP2awNi6WjTNtAZ9GLJgd,PHOTO-2026-08-11-11-50-38.jpg,image/jpeg,491487,043ad3897cff85f5d4e818166c0c0c2ca7b649db21f919f544cb4650148687df,f663d843bc4ea4ca0670ee84ce27d46baba9c354160fbc38bea6b95c5ffa31d3,2026-09-17T21:33:54+00:00,1ZjwyNrRSLepLwt1oRlNAp4tnD_7zPxJY,2026-08,legacy:3f301bec2384bfe42ad604376d37b1d1b463684c0bc227e074e00f4a3743f77a,OK,,,https://drive.google.com/open?id=1skqrv6gXxfyGP2awNi6WjTNtAZ9GLJgd,Validado por respuesta en Control Cuadros Pendientes Octopus 112.
1klNYoeo3Vbyul23f7ozDWF42DV0WMuVL,PHOTO-2026-08-11-12-08-04.jpg,image/jpeg,399494,b057184c9a0af9d1fb6d406aca4ae0dff00582341d6c1df1a422c3b0d272ff52,389358f256fc30a17599853bd24e38f1713a2a8771727fcd2efb05ebd44896a1,2026-09-17T21:33:55+00:00,1ZjwyNrRSLepLwt1oRlNAp4tnD_7zPxJY,2026-08,legacy:a583439daa7f826b9b95a118fd64b72e0002fbc6dfee07f9d8c44afd7c4996c1,OK,,,https://drive.google.com/open?id=1klNYoeo3Vbyul23f7ozDWF42DV0WMuVL,Validado por respuesta en Control Cuadros Pendientes Octopus 112.
1oKRcsvmXEYN5no8cTAa66QBzgX8Ykoa0,PHOTO-2026-08-11-15-15-38.jpg,image/jpeg,499666,ce54b38b61997573ae7fa2c54e8d85dd8969fd70f111729bb53ecac8e0dea4fb,0e6fd6c618040ecf211dbd44858f093410f778d4dd96ca07ade30c6b12ec0763,2026-09-17T21:33:55+00:00,1ZjwyNrRSLepLwt1oRlNAp4tnD_7zPxJY,2026-08,legacy:386ebb18fa129eb17b30687ac43654231a22c66cc160448481abf23a7d72472f,OK,,,https://drive.google.com/open?id=1oKRcsvmXEYN5no8cTAa66QBzgX8Ykoa0,Validado por respuesta en Control Cuadros Pendientes Octopus 112.
1z0wmXVZgacQubz1h3NY5gLfF3zs6rGr-,PHOTO-2026-08-11-15-15-39.jpg,image/jpeg,464422,3dbe7e986f33467edca46b507c5c4941a140a4e4a70836bb6dcfb09ddec42228,9d812f4c000bc6efeffd0cafc1a733b0cf493eb76ffdeee13fd268fba8be5f5a,2026-09-17T21:33:56+00:00,1ZjwyNrRSLepLwt1oRlNAp4tnD_7zPxJY,2026-08,legacy:7f8c2b7b3edf21b20e8ee5461e56b35b07db3c73cdab8589e4bc906149f3e008,OK,,,https://drive.google.com/open?id=1z0wmXVZgacQubz1h3NY5gLfF3zs6rGr-,Validado por respuesta en Control Cuadros Pendientes Octopus 112.
1NgtgPx1C24kmPPAyPdkDePGbO9TAjNR1,PHOTO-2026-08-11-15-52-04.jpg,image/jpeg,548284,1f2e6530bd4f89638382fcb4104c4aca746b921bcf86b7fb68ed6d43ebfa2098,7d6e62ccc1b63538dc379877736859279251008b9f86bfc73c6db27fd7e48981,2026-09-17T21:33:57+00:00,1ZjwyNrRSLepLwt1oRlNAp4tnD_7zPxJY,2026-08,legacy:faa64f8056cb020ef48971a0caadc8e62857e1a88dd30bbc7517db0b5d8a3c1b,OK,,,https://drive.google.com/open?id=1NgtgPx1C24kmPPAyPdkDePGbO9TAjNR1,Extraido de Drive Pendientes Agosto; la imagen muestra 18/08/216 pero se interpreta como 18/08/26 por contexto.
130YNZjeHDk2kn9Eww-2FGehbFmj_Ex_M,PHOTO-2026-08-11-16-35-07.jpg,image/jpeg,514303,54db009b3872eb7edda1895085ef9832a9c5eeedce27b41917294136f53f84c2,c82eab4ef61788adfa5a2aabf40eded8594f398af00184a1302a31f263e60ede,2026-09-17T21:33:58+00:00,1ZjwyNrRSLepLwt1oRlNAp4tnD_7zPxJY,2026-08,legacy:e868901b3fab9c453868c81a0745bef75f1e2639fa1b4debee27d0c75277cf61,OK,,,https://drive.google.com/open?id=130YNZjeHDk2kn9Eww-2FGehbFmj_Ex_M,Extraido de Drive Pendientes Agosto; la imagen muestra 18/08/216 pero se interpreta como 18/08/26 por contexto.
194278r20nxJJwY0Ori41n-4tTFA2g2al,PHOTO-2026-08-13-13-40-04.jpg,image/jpeg,144402,2b1e9cbe78674b5498a8d3be66349752c890b6b3650f8f713ed8e65344ce94b8,dc72a0864b6b0924daa5789cf2ac80dc560a8f21d8bdae4b92f458c6e73b40b1,2026-09-17T21:33:59+00:00,1ZjwyNrRSLepLwt1oRlNAp4tnD_7zPxJY,2026-08,legacy:906b67b645cc8c1be3cd361cfa26ee5fe4cf181de8f2c2e3f5dd3923d3760dd6,OK_TRANSFERENCIA_1_2,,,https://drive.google.com/open?id=194278r20nxJJwY0Ori41n-4tTFA2g2al,Modalidad TRANSFERENCIA_1_2: costos pagados previamente; ganancia validada como 1.20% del ECHEQ visible.
1ZlsnYUIeditCAtVJiHTXVK1twY-WqXIu,PHOTO-2026-08-13-13-41-06.jpg,image/jpeg,232221,1eebd8842ed3130f7b993d490f983de2bbb21d66dd05c6813917ad3efd99c473,4d6b813a4cc9d6a0de6ae2f2ab3dd3074ec485a951afd1be5b70c40d847b680e,2026-09-17T21:33:59+00:00,1ZjwyNrRSLepLwt1oRlNAp4tnD_7zPxJY,2026-08,legacy:bebf4dedc4c86ef756e141f75e8e1ceaa9d304b5ce211d6e0ca31e18d96f95e9,OK,,,https://drive.google.com/open?id=1ZlsnYUIeditCAtVJiHTXVK1twY-WqXIu,Extraido de Drive Pendientes Agosto.
1NAD-0mFMTnRsjELewTaXsMntAu1ZE5RV,PHOTO-2026-08-13-17-28-28.jpg,image/jpeg,17075,a3db9f3af4daf007383e5be8584fed373217f2f2d98f2f481bed60424d56ef77,281985cfcec7ccbc6cd2e73a4996e4e130ab5540198fd284488ee09a670d490a,2026-09-17T21:34:00+00:00,1ZjwyNrRSLepLwt1oRlNAp4tnD_7zPxJY,2026-08,legacy:7804c2406eaf2cd82238da8b55a15a211eec1687c9ec81b6d261aa0138f491fa,OK,,,https://drive.google.com/open?id=1NAD-0mFMTnRsjELewTaXsMntAu1ZE5RV,Validado por Luciano en Control nuevos cuadros pendientes.
1Ml1ATVKWkUR_FuIK00MP5ZLz9Qfx-V3f,PHOTO-2026-08-13-17-43-54.jpg,image/jpeg,17266,021d3c93b9c78c8ba41e1580eb0c815c8018fb41e7035581801fc14070e2a15a,b029ec04d05205f6867d56d0d9e1e483afa8a0f89e5128980a18fd6f1511691d,2026-09-17T21:34:03+00:00,1ZjwyNrRSLepLwt1oRlNAp4tnD_7zPxJY,2026-08,legacy:a3f8f8e36ceaf9404730df171740b4f652c46743fa36debafee24e73c6b5e5dc,OK,,,https://drive.google.com/open?id=1Ml1ATVKWkUR_FuIK00MP5ZLz9Qfx-V3f,Validado por Luciano en Control nuevos cuadros pendientes.
1MdcNfcZl21pWKxsU61GZceTH8-GiWteg,PHOTO-2026-08-13-17-59-43.jpg,image/jpeg,16669,eb6a9decb0ae8828b94e5331f19f0d6f39318c508bb1e84ab1916a56461565bb,50ec387cb1ce7cbe22e345bdfd565bb2cbe20712ab9227518c23f5ada7a5dbfe,2026-09-17T21:34:03+00:00,1ZjwyNrRSLepLwt1oRlNAp4tnD_7zPxJY,2026-08,legacy:ec571698c2094ae0250f9925a89165e52ccac39cb3a91911e15a726aed74bd1e,OK,,,https://drive.google.com/open?id=1MdcNfcZl21pWKxsU61GZceTH8-GiWteg,Validado por Luciano en Control nuevos cuadros pendientes.
1LbJvh578fnDIHivLM9OLkmWBG68CHQ9X,PHOTO-2026-08-13-18-01-29.jpg,image/jpeg,17164,039b25e201ad1395ece165fed554b5ab7895316dced983e9d839a662c108df50,9f2380374d408475ad9942b4514744d2eb43c562e5724455f7b40bfb6b659b67,2026-09-17T21:34:01+00:00,1ZjwyNrRSLepLwt1oRlNAp4tnD_7zPxJY,2026-08,legacy:8bd47a7c36028020966caa49c753bb944635d56666b7a3b9783b9e9c6d0a9c0a,OK,,,https://drive.google.com/open?id=1LbJvh578fnDIHivLM9OLkmWBG68CHQ9X,Validado por Luciano en Control nuevos cuadros pendientes.
1mXTaOHFu4bIOy5cLmIBiMdK_XfcVZ2iq,PHOTO-2026-08-13-18-09-28.jpg,image/jpeg,17221,783fef7bae60d08a745b2ab3acf679af51ddf80d3bfd8a0fa92cf435d281cecc,b1e6bc9b94da7cc9567c8ce1042398fd0a8ceb9189fb3578a9ceb2da424ba3f3,2026-09-17T21:34:04+00:00,1ZjwyNrRSLepLwt1oRlNAp4tnD_7zPxJY,2026-08,legacy:ecc804808111e6067ae1a97503f63b832408181ef4b82b27d9394a70545e1758,OK,,,https://drive.google.com/open?id=1mXTaOHFu4bIOy5cLmIBiMdK_XfcVZ2iq,Validado por Luciano en Control nuevos cuadros pendientes.
18QXKGT8x0yymWuwD-SgS9fuOEWtWmJ_W,PHOTO-2026-08-13-18-19-50.jpg,image/jpeg,17309,276c400feab4da502819a3636505bae5d1e8f8eebc0852feb3fe4f18a81a3197,fa49c8bb1295e5bdc117b149c328a9088cbd6c91e90b3f7b9c99976c89d52564,2026-09-17T21:34:02+00:00,1ZjwyNrRSLepLwt1oRlNAp4tnD_7zPxJY,2026-08,legacy:5aaa612126011592a820f46a86587d111f98dceae29a8073bca2fe2ff23673fc,OK,,,https://drive.google.com/open?id=18QXKGT8x0yymWuwD-SgS9fuOEWtWmJ_W,Validado por Luciano en Control nuevos cuadros pendientes.
12lWlNjpLSfIl06xaTQbd-UttlnlGSJ6f,PHOTO-2026-08-14-12-34-42.jpg,image/jpeg,599905,4742705776f7d917a722723ce6d93771804a69dfd338e1e4cbd34f28e4e3fec8,a5503958726892ed76cc2a687a48b6befb0e8f4648e60147eea66c8176d224d2,2026-09-17T21:34:08+00:00,1ZjwyNrRSLepLwt1oRlNAp4tnD_7zPxJY,2026-08,legacy:1752842b2fa6e793c2da734ab07c02d8d7d3ed3bd9f9a652fc0deb3b53a2de81,OK,,,https://drive.google.com/open?id=12lWlNjpLSfIl06xaTQbd-UttlnlGSJ6f,Validado por Luciano en Control nuevos cuadros pendientes.
1yIRLhV1LfRirF2mJjqHIfronsYLxqa3K,PHOTO-2026-08-14-12-40-20.jpg,image/jpeg,561958,fece20cca4578029bbcbfc1b64aa02845ddd1b07891fc3603d811288d766a61f,735f31d1946c3dc8c960c853ca0680204684093b20fd49962a46494b01f77b26,2026-09-17T21:34:06+00:00,1ZjwyNrRSLepLwt1oRlNAp4tnD_7zPxJY,2026-08,legacy:04a800a58ff8e6a0aedab8a5637c909a2804f5b65f5af637ed7b1c652a94cd25,OK,,,https://drive.google.com/open?id=1yIRLhV1LfRirF2mJjqHIfronsYLxqa3K,Validado por Luciano en Control nuevos cuadros pendientes.
1yjr08ilDOG9pvX1GyuUMyP73Z-P4UFsS,PHOTO-2026-08-14-12-46-11.jpg,image/jpeg,663336,d50815805b5aae3e2a9e6ad4e35dbfd49efc404fc7de1dd2651e50415c825da1,f4b7079d548ade79de8c57da7f31f7034aef753e7b8c233c0d235ce6e4972073,2026-09-17T21:34:05+00:00,1ZjwyNrRSLepLwt1oRlNAp4tnD_7zPxJY,2026-08,legacy:6cbabf96eb741c2a4f5013d5221a0987a2a00549a45bc0c3f4f987a1ab49bf60,OK,,,https://drive.google.com/open?id=1yjr08ilDOG9pvX1GyuUMyP73Z-P4UFsS,Validado por Luciano en Control nuevos cuadros pendientes.
18KWR5TPqRDSL-7CrWuqX6Gx_-Tn3eidO,PHOTO-2026-08-14-20-06-07.jpg,image/jpeg,317603,95915b110086e926d6c49867d9a87269d1c30c385795a1f7bf88f59e30908053,c7a34352f34c4768c0709eaa35148b2fca9ca5556231a91489e83dd88ac5d62c,2026-09-17T21:34:07+00:00,1ZjwyNrRSLepLwt1oRlNAp4tnD_7zPxJY,2026-08,legacy:49fb1e6b54bf07bc3bb077dadcb5be2db5ec8c36547b719c7fe3b980cc8e4900,OK,,,https://drive.google.com/open?id=18KWR5TPqRDSL-7CrWuqX6Gx_-Tn3eidO,Validado por Luciano en Control nuevos cuadros pendientes.
184M54X_KTDEixkIfoDIfEJtmk_5mrFtY,PHOTO-2026-08-18-11-17-53.jpg,image/jpeg,310869,07298b09fad6550825aa0c7274fe41de4510abac350d99cfaffdfbed1cf6c29f,544470338c3ef7947dd5c5bc01f1bbc1a1da5aa6ff0ca22a2a3655b466a803d5,2026-09-17T21:34:12+00:00,1ZjwyNrRSLepLwt1oRlNAp4tnD_7zPxJY,2026-08,legacy:468c50401cb1533a274302e8e8645aa1d6f4e2256ce7e36cee9114ef910578af,OK,,,https://drive.google.com/open?id=184M54X_KTDEixkIfoDIfEJtmk_5mrFtY,Validado por Luciano en Control nuevos cuadros pendientes.
1GJy_Dr421ddNEbYnag4OxdxaWgW569dZ,PHOTO-2026-08-18-11-17-53.jpg,image/jpeg,232988,61576e2f254520a497db124efcd91952759758731dfcd172f8546d22f59bb828,39c019af2b5f948d3dd12c082ecd57fa2f116bc8a2a03cbda875a6874bae6343,2026-09-17T21:34:10+00:00,1ZjwyNrRSLepLwt1oRlNAp4tnD_7zPxJY,2026-08,legacy:468c50401cb1533a274302e8e8645aa1d6f4e2256ce7e36cee9114ef910578af,OK,,,https://drive.google.com/open?id=1GJy_Dr421ddNEbYnag4OxdxaWgW569dZ,Validado por Luciano en Control nuevos cuadros pendientes.
1VcS4jbIGHkoGuwx9ZVctaK9E68KEjgP9,PHOTO-2026-08-18-14-39-28.jpg,image/jpeg,16797,20cb1cebbb05eca1ac91772937a225a446f66b436b24aa3ab7b827c81785b6bc,837cb89231c2fe478b1bfeb157f33dfb08f7391b15a491a98b6695eda3778369,2026-09-17T21:34:08+00:00,1ZjwyNrRSLepLwt1oRlNAp4tnD_7zPxJY,2026-08,legacy:13fb5bca0555b3d66d5e2f4468dc571bca49e9658c8c14286963867c59b11523,OK,,,https://drive.google.com/open?id=1VcS4jbIGHkoGuwx9ZVctaK9E68KEjgP9,Validado por Luciano en Control nuevos cuadros pendientes.
15mgQoPjyA7DbgIHuNP-S3kVcP_Z8S8NE,PHOTO-2026-08-18-15-18-28.jpg,image/jpeg,248862,290cdd64650816210cccfadb6cb1be74a92b221e7fac63f32194c2aa77b944e2,2818e8424b2a26a39d8664001fb464956120cd619c895877c859c22c52ba1fec,2026-09-17T21:34:11+00:00,1ZjwyNrRSLepLwt1oRlNAp4tnD_7zPxJY,2026-08,legacy:cbe40850c4d2df4c20b1dc8649bd1bbc3b0a4ff0e899977fecaf178803290e43,OK,,,https://drive.google.com/open?id=15mgQoPjyA7DbgIHuNP-S3kVcP_Z8S8NE,Validado por Luciano en Control nuevos cuadros pendientes.
1qiC2sMfZN7Isj4EQ-OJq_WvENxfO4acb,PHOTO-2026-08-18-20-24-43.jpg,image/jpeg,17579,ce15d1eb706be07bfd23337bc886f4767f8d5d0d174432e54c25d95d70d6be4a,9b0ab4b505f1872bce608a12f848baee83badb518f4d83c61a58d0d362d6bfbf,2026-09-17T21:34:09+00:00,1ZjwyNrRSLepLwt1oRlNAp4tnD_7zPxJY,2026-08,legacy:794708c98b62c264f829762533e048343d63501be090120c452ab3e9fae72806,NO_PROCESAR,,,https://drive.google.com/open?id=1qiC2sMfZN7Isj4EQ-OJq_WvENxfO4acb,Luciano confirmo que no debe incorporarse.
1h-aTYJhyxGM-qgZavNd0uDfZ3UeQLJpl,PHOTO-2026-08-19-11-11-56.jpg,image/jpeg,286553,312c1314b66d2c5d65c280fd234b8a39e2d6f5d09e5f05abadcfa24e7865a19b,6fab74a0fda7558bfe7ac8caa1aca9fd24067b45d4aae3988f78fa557ae82f02,2026-09-17T21:34:13+00:00,1ZjwyNrRSLepLwt1oRlNAp4tnD_7zPxJY,2026-08,legacy:faf71375aa68231d67a1d588221375aa81583ed78dc92957b9cf6753113681eb,OK,,,https://drive.google.com/open?id=1h-aTYJhyxGM-qgZavNd0uDfZ3UeQLJpl,Validado por Luciano en Control nuevos cuadros pendientes.
1XlWigg9AzZPknGo2W_pMnqZD921BRZj7,PHOTO-2026-08-19-11-39-05.jpg,image/jpeg,454978,1fcc1ff2a073ada73f27aeb1f4ff32d4749e479ad5535f72e368bb6b65cec6d7,239f926add5f748250f860b9e020ff948066ec3ed03e2b3014a270224806bc6d,2026-09-17T21:34:13+00:00,1ZjwyNrRSLepLwt1oRlNAp4tnD_7zPxJY,2026-08,legacy:89fc8774af4aa45e4d5e56d9bd3e860f25b818701fe40b47ecdcc176eac08aaa,OK,,,https://drive.google.com/open?id=1XlWigg9AzZPknGo2W_pMnqZD921BRZj7,Validado por Luciano en Control nuevos cuadros pendientes.
1eqBlrb6xRPt_DCtHWMbIrXAZYXwNuoW8,PHOTO-2026-08-19-12-02-21.jpg,image/jpeg,259535,6b66b935b3af91db4a533df9aaaae22600a1400db88fa8f91157af4572a0d116,82645672be857578e6a2f60b192943bec5b90f8c2375bf8d580fcb106526a999,2026-09-17T21:34:15+00:00,1ZjwyNrRSLepLwt1oRlNAp4tnD_7zPxJY,2026-08,legacy:ac6afe86cac3b31692ed07184d29a35d8f89d2fdf7224a88450e9730ec36e61d,OK_TRANSFERENCIA_1_2,,,https://drive.google.com/open?id=1eqBlrb6xRPt_DCtHWMbIrXAZYXwNuoW8,Costos pagados anteriormente; base tomada del ECHEQ transferido al 1.2%.
1uip1TS385CFD4jOJU1r1VRg5P0w3GfH2,PHOTO-2026-08-19-13-04-27.jpg,image/jpeg,430250,db9007e51ec2809e1ad5b180e4d18a7d993638614de8b613a786bdb73d7e7eae,5f1a46954e6f084b27e94c7fe06402ef17091c2f506875a98d34956fecde0ca7,2026-09-17T21:34:14+00:00,1ZjwyNrRSLepLwt1oRlNAp4tnD_7zPxJY,2026-08,legacy:768ff85e367be86c8b100f100da2f6e717b8ac60dd12e864f146579970ffed3f,OK,,,https://drive.google.com/open?id=1uip1TS385CFD4jOJU1r1VRg5P0w3GfH2,Validado por Luciano en Control nuevos cuadros pendientes.
1X8HI3XtJXl3KjgNUQNSy5RUIOyPmWLsx,PHOTO-2026-08-19-13-22-03.jpg,image/jpeg,330518,336ca08e8cd84cc317a33ea6c00397b8edc53e359584fdbf682e7e2f6e9b0c86,bd509b36062638ceeec37cbbd857b87af7904eba42efab116474db4f782377f8,2026-09-17T21:34:16+00:00,1ZjwyNrRSLepLwt1oRlNAp4tnD_7zPxJY,2026-08,legacy:76451330ff3e159e55399e77cdd07468f68d3497f474e0c5a774dded052c8cac,OK,,,https://drive.google.com/open?id=1X8HI3XtJXl3KjgNUQNSy5RUIOyPmWLsx,Validado por Luciano en Control nuevos cuadros pendientes.
1wZwG0VbyZpzTDILsw7wtEN6JdX13Vh7A,PHOTO-2026-08-19-15-05-50.jpg,image/jpeg,16642,0ca4f87dea33a72ab07f1e06da93e97e0a5eca0fa51f30a4e501b888f136ac3b,643fc9bac32242540d5aa3dc3fadef1a3ae57fb9873eb3fbcca511cc1739119a,2026-09-17T21:34:18+00:00,1ZjwyNrRSLepLwt1oRlNAp4tnD_7zPxJY,2026-08,legacy:cdb4ca6602422bf883d3b75095bbed7a5ef1f17c3d432860693dd14b9d21c32d,NO_PROCESAR,,,https://drive.google.com/open?id=1wZwG0VbyZpzTDILsw7wtEN6JdX13Vh7A,Luciano confirmo que no debe incorporarse.
1GCKpGzL_EotwFSp4qgfU8d6ItDBvvmUb,PHOTO-2026-08-19-15-54-25.jpg,image/jpeg,240990,1d609eb1026eb63238cb04e3d5f100e8e04838316ac946269f0bdc6bf1e914f8,2d8e103fe0ba15983d428970f6acef3a56c7217b299289a0085d95e1788e2963,2026-09-17T21:34:17+00:00,1ZjwyNrRSLepLwt1oRlNAp4tnD_7zPxJY,2026-08,legacy:4f3cc59fc3a6de2eba15ca6bd68eb6746953cbd28bee440692403f375edd1c61,OK,,,https://drive.google.com/open?id=1GCKpGzL_EotwFSp4qgfU8d6ItDBvvmUb,Validado por Luciano en Control nuevos cuadros pendientes.
1RZ9Jc3CC4koXHRh0rAsYOopTaC9oNYrf,PHOTO-2026-08-19-16-07-33.jpg,image/jpeg,376052,eb1884747e68f4b839e6fefa90ff9632913a053910ef13374a62b804e9e4b19a,d197f64b2dc5598d0f40453bdab2fb1c748b4c84eca8193fac49adb126a5ca98,2026-09-17T21:34:20+00:00,1ZjwyNrRSLepLwt1oRlNAp4tnD_7zPxJY,2026-08,legacy:3cb52c491a1c6b3806ee64bc85af1d370fb050c2883d8a337d2b0720488fe003,OK,,,https://drive.google.com/open?id=1RZ9Jc3CC4koXHRh0rAsYOopTaC9oNYrf,Validado por Luciano en Control nuevos cuadros pendientes.
1akM_GlcTkLBrQ4wTbLL_Ac5wYViBDXhK,PHOTO-2026-08-19-16-49-14.jpg,image/jpeg,46352,c740d58c5da3560e8e16411114f12653a68f9939c883bca8f839bce819b09fa8,c84858bc503e5d3ff287b7bddf8bbf3ebd9c1a38ebb0f90bed109e3e76d544b6,2026-09-17T21:34:19+00:00,1ZjwyNrRSLepLwt1oRlNAp4tnD_7zPxJY,2026-08,legacy:7f5b33a1819fe092f6ee86d5276c41ca8b4068b2c9647ebd3399bc293cecfa13,OK,,,https://drive.google.com/open?id=1akM_GlcTkLBrQ4wTbLL_Ac5wYViBDXhK,Validado por Luciano en Control nuevos cuadros pendientes.
1Pd95jHEBdDxS2n4cI1vNflC9bwVvbAUU,PHOTO-2026-08-19-17-51-20.jpg,image/jpeg,17545,8034ed8ed3cf07727b4829277f3cfa70ac1aea4eadb61e2c3636ab99d7eaea89,25bdc702fe9481511a68f1f79f876f267bcaa8c73d7bc1f91ae5cf950d6ae5a9,2026-09-17T21:34:18+00:00,1ZjwyNrRSLepLwt1oRlNAp4tnD_7zPxJY,2026-08,legacy:eca0dbab88f700d26defb6b59ddb19ed75646ce6dd58539376511c5c841831ac,OK,,,https://drive.google.com/open?id=1Pd95jHEBdDxS2n4cI1vNflC9bwVvbAUU,Validado por Luciano en Control nuevos cuadros pendientes.
1N7nMkshv9RjPpKsLPDDXwNGTgBop0UKx,PHOTO-2026-08-19-17-59-21.jpg,image/jpeg,18003,9f9b17e4ade4de9cfe6f1e4c90d87a1212ee1b0a890f5dff4bf94e6d0709b111,bff19fb3114e85acf7f41baace6e682f21d04eeffc7d3d81815d81fa3a585812,2026-09-17T21:34:21+00:00,1ZjwyNrRSLepLwt1oRlNAp4tnD_7zPxJY,2026-08,legacy:cb58de959d7e365576e403331ad10fa3fbcd678a988e173ae9c11b4f9d1a58d8,OK,,,https://drive.google.com/open?id=1N7nMkshv9RjPpKsLPDDXwNGTgBop0UKx,Validado por Luciano en Control nuevos cuadros pendientes.
1RHYLbbyTIXM135ZI6P3fIEtCGz12f8Og,PHOTO-2026-08-20-10-41-36.jpg,image/jpeg,223681,81bf95016c61705f533168a494aacf54ffb48b271327f3e06e0c1ff5fd12359e,49df11c895f8c0a4ffe70b1d48519eeea08a11b4edcc4243794cb9bc051d5db1,2026-09-17T21:34:22+00:00,1ZjwyNrRSLepLwt1oRlNAp4tnD_7zPxJY,2026-08,legacy:dfc76b4a9360e51688c4794ae8c1c771587466ec296e391f1bf1c5f124a1fb54,OK,,,https://drive.google.com/open?id=1RHYLbbyTIXM135ZI6P3fIEtCGz12f8Og,Extraido visualmente de nuevo cuadro en Drive Pendientes Agosto.
1TKUpy5hHbIyg0ySJs7BexGlvc2WxCFdC,PHOTO-2026-08-20-11-47-09.jpg,image/jpeg,17219,b3701f4715201280d846da3d1d59415f96b43a212ad7aba9c4b73c3e1000cfd6,896ce2c48a92ed23aedb9f374201dba98e528a3f3ab079f994bb6f52172e7412,2026-09-17T21:34:23+00:00,1ZjwyNrRSLepLwt1oRlNAp4tnD_7zPxJY,2026-08,manual_rentability_operations.csv:68,DUPLICADO,1oGbfgU1aAs8lDChtFB0IQtOGpIu46ZoS,SAME_SHA256,https://drive.google.com/open?id=1TKUpy5hHbIyg0ySJs7BexGlvc2WxCFdC,Duplicado por mismo nombre y tamaño que el cuadro ya cargado de Fundacion Soldados - Espora.
1oGbfgU1aAs8lDChtFB0IQtOGpIu46ZoS,PHOTO-2026-08-20-11-47-09.jpg,image/jpeg,17219,b3701f4715201280d846da3d1d59415f96b43a212ad7aba9c4b73c3e1000cfd6,896ce2c48a92ed23aedb9f374201dba98e528a3f3ab079f994bb6f52172e7412,2026-09-17T21:34:20+00:00,1ZjwyNrRSLepLwt1oRlNAp4tnD_7zPxJY,2026-08,legacy:56e47e1317e76a60ee87cb286afcec1eb76d8299717e2c04276f8c5e640176d9,OK,,,https://drive.google.com/open?id=1oGbfgU1aAs8lDChtFB0IQtOGpIu46ZoS,Extraido visualmente de nuevo cuadro en Drive Pendientes Agosto.
1__MRNULjiuDg4esX2utYLjyIW38XmQNs,PHOTO-2026-08-21-14-57-40.jpg,image/jpeg,426682,d6e004598623c09788bc2b08aa327da415856896e554c2da6f93ca59aefda361,653670fdbff4d42417c9e69c10218fe0669b8fe03cfeaf551057bfc2ac41c653,2026-09-17T21:34:23+00:00,1ZjwyNrRSLepLwt1oRlNAp4tnD_7zPxJY,2026-08,drive:1__MRNULjiuDg4esX2utYLjyIW38XmQNs,OK,,,https://drive.google.com/open?id=1__MRNULjiuDg4esX2utYLjyIW38XmQNs,Extraido visualmente de nuevo cuadro en Drive Pendientes Agosto.
1Pui9mvNe8tVssVwb6cezQAjhhKUfy9bu,PHOTO-2026-08-24-11-09-21.jpg,image/jpeg,469332,90f1e5f0ccf3d1700b2cf8d7cdae279fc056fbbf23eecad7b8d5ec7228b9120f,02fe29dc1d98bdd57fa519bc50a307a0c2f80f573dab75f013db62bd37658eeb,2026-09-17T21:34:24+00:00,1ZjwyNrRSLepLwt1oRlNAp4tnD_7zPxJY,2026-08,drive:1Pui9mvNe8tVssVwb6cezQAjhhKUfy9bu,OK,,,https://drive.google.com/open?id=1Pui9mvNe8tVssVwb6cezQAjhhKUfy9bu,Extraido visualmente de nuevo cuadro en Drive Pendientes Agosto.
1_X9uQ6c3RR6NRBgBLO8gvwJWa2a_dv8o,PHOTO-2026-08-24-11-34-25.jpg,image/jpeg,348408,a06d74ec47a45dd232cdaa70cecc4911f04d380f4b5b17c6bacc1e1707eb9858,382094c43d3ae28a6ce8879ace9292baba4f225b9b9676ea23ac63dfaad24166,2026-09-17T21:34:25+00:00,1ZjwyNrRSLepLwt1oRlNAp4tnD_7zPxJY,2026-08,drive:1_X9uQ6c3RR6NRBgBLO8gvwJWa2a_dv8o,OK_TRANSFERENCIA_1_2,,,https://drive.google.com/open?id=1_X9uQ6c3RR6NRBgBLO8gvwJWa2a_dv8o,Costos pagados anteriormente; base tomada del ECHEQ transferido al 1.2%.
17pe9-tdr1ZLBfboFdx0s_UANneFIqRfb,PHOTO-2026-08-25-10-45-34.jpg,image/jpeg,400625,5ba3d6feeed29b2eca6613e285babb1f2acb4a2884ddd7a31389b470536e5cd4,5249673323e5a87376dd2864ca7e94ca9b492d38450977e5cb670d5b252f6ff5,2026-09-17T21:34:29+00:00,1ZjwyNrRSLepLwt1oRlNAp4tnD_7zPxJY,2026-08,drive:17pe9-tdr1ZLBfboFdx0s_UANneFIqRfb,OK,,,https://drive.google.com/open?id=17pe9-tdr1ZLBfboFdx0s_UANneFIqRfb,Extraido visualmente de nuevo cuadro en Drive Pendientes Agosto.
1gG12ZknnFUHq0G9EnUwlxBIXidMHCg54,PHOTO-2026-08-25-13-22-59.jpg,image/jpeg,344696,987b5e94de1a0c00cec49bd192fd6d470dde9415cadb8a4981611ba0f1f01bd6,12dd2f06a22b299cd63f64afc687b0865d00fa8d7f93855c3a89d309bf314a72,2026-09-17T21:34:31+00:00,1ZjwyNrRSLepLwt1oRlNAp4tnD_7zPxJY,2026-08,drive:1gG12ZknnFUHq0G9EnUwlxBIXidMHCg54,OK,,,https://drive.google.com/open?id=1gG12ZknnFUHq0G9EnUwlxBIXidMHCg54,Extraido visualmente de nuevo cuadro en Drive Pendientes Agosto.
18W8ZKz8Yq08IU_9KVSrOAHQdjz-RCZAs,PHOTO-2026-08-25-13-36-26.jpg,image/jpeg,370784,df9cea677b2f708045f54268de9893bc7b913e14b0c2c949d2c58bf8904a2da4,d793e65ccce2327147ff0d6ededa4f966ea45c285c1fae9db7e67569aef28eec,2026-09-17T21:34:29+00:00,1ZjwyNrRSLepLwt1oRlNAp4tnD_7zPxJY,2026-08,drive:18W8ZKz8Yq08IU_9KVSrOAHQdjz-RCZAs,OK,,,https://drive.google.com/open?id=18W8ZKz8Yq08IU_9KVSrOAHQdjz-RCZAs,Extraido visualmente de nuevo cuadro en Drive Pendientes Agosto.
13RDoCAlfZScHCG_p2YcINecimS05brzo,PHOTO-2026-08-25-13-40-08.jpg,image/jpeg,333709,680f3b8629b14f215d0fa1b85b52a352e0ed6db4612193c5fcd194efa2240916,ff230effe6274bb7ac9387bffe8aa96575218f2599d5570baeabd5622075f9b2,2026-09-17T21:34:27+00:00,1ZjwyNrRSLepLwt1oRlNAp4tnD_7zPxJY,2026-08,drive:13RDoCAlfZScHCG_p2YcINecimS05brzo,OK,,,https://drive.google.com/open?id=13RDoCAlfZScHCG_p2YcINecimS05brzo,Extraido visualmente de nuevo cuadro en Drive Pendientes Agosto.
1fnM6TKzWHkcpIZZa53R4t5JFYmZF7tL7,PHOTO-2026-08-25-14-05-08.jpg,image/jpeg,272954,ccf56727ce9e573dc9a7851ef681cd2c2506f2e12ff69eaa9e6cafe33e8ba856,c8e55dedafd8a210a5d887fe4918fcc284bf4de478906c705b8029f743937b4d,2026-09-17T21:34:28+00:00,1ZjwyNrRSLepLwt1oRlNAp4tnD_7zPxJY,2026-08,drive:1fnM6TKzWHkcpIZZa53R4t5JFYmZF7tL7,OK,,,https://drive.google.com/open?id=1fnM6TKzWHkcpIZZa53R4t5JFYmZF7tL7,Extraido visualmente de nuevo cuadro en Drive Pendientes Agosto.
1JA6EvF64NHXy3K4ASnwGpAc4fiBAhAnr,PHOTO-2026-08-25-14-25-38.jpg,image/jpeg,359829,6d33a470775446a035b3de8029e0b789d9560afca5d4d6f4cc0240382ade2bd5,f87378662146d8460a4188825ca9377c3c25187e7492632190d6e807419d56a1,2026-09-17T21:34:30+00:00,1ZjwyNrRSLepLwt1oRlNAp4tnD_7zPxJY,2026-08,drive:1JA6EvF64NHXy3K4ASnwGpAc4fiBAhAnr,OK,,,https://drive.google.com/open?id=1JA6EvF64NHXy3K4ASnwGpAc4fiBAhAnr,Extraido visualmente de nuevo cuadro en Drive Pendientes Agosto.
1omy80069uX9fmNaoAc9GjBhELh9NMBid,PHOTO-2026-08-25-14-33-54.jpg,image/jpeg,377719,0fbee837eda808c762e5264d4334c2b70933f248b838da4453ab11fd269449d6,a611f2fe824b90edb45eda6daee0f5950edfe03acbd65521b72bf84b0087e8d3,2026-09-17T21:34:32+00:00,1ZjwyNrRSLepLwt1oRlNAp4tnD_7zPxJY,2026-08,drive:1omy80069uX9fmNaoAc9GjBhELh9NMBid,OK,,,https://drive.google.com/open?id=1omy80069uX9fmNaoAc9GjBhELh9NMBid,Extraido visualmente de nuevo cuadro en Drive Pendientes Agosto.
1Ux1xq9nBkgX9DpQSWDiDkwAX3kboTw6n,PHOTO-2026-08-25-16-09-42.jpg,image/jpeg,165228,4a9955c6a13fd48acd41578bc0eb35b168be5adff9f810099d5c8b97d98d1a47,6710bde57e4e531e0968337944a55f505aa536e8fc4f3423ee2204bf21385574,2026-09-17T21:34:26+00:00,1ZjwyNrRSLepLwt1oRlNAp4tnD_7zPxJY,2026-08,drive:1Ux1xq9nBkgX9DpQSWDiDkwAX3kboTw6n,OK,,,https://drive.google.com/open?id=1Ux1xq9nBkgX9DpQSWDiDkwAX3kboTw6n,Extraido visualmente de nuevo cuadro en Drive Pendientes Agosto.
168iVoVw20WPWtHBDAiObWNEBVIU68uIk,PHOTO-2026-08-26-00-32-54.jpg,image/jpeg,315866,8b0eb77f545fae5f9135169e2f38249ae514db232ef6e2373f84880d11e9e31d,8a84ee2cca9a82e32ab41911a83010394b6a0bb5004a70359377e3f5d4893a60,2026-09-17T21:34:26+00:00,1ZjwyNrRSLepLwt1oRlNAp4tnD_7zPxJY,2026-08,drive:168iVoVw20WPWtHBDAiObWNEBVIU68uIk,OK,,,https://drive.google.com/open?id=168iVoVw20WPWtHBDAiObWNEBVIU68uIk,Extraido visualmente de nuevo cuadro en Drive Pendientes Agosto.
1YiNeroL8eyu4NAcHepx9Tov7rp3bq_9A,PHOTO-2026-08-26-00-32-54.jpg,image/jpeg,348913,ffc4344a73d1ed28ab8436fa6ff51b7bddf20385cf0d743db249c37798d60657,9ae7a2e63c7c64b823acc92e7866b3fb5f659391fca49e529ff92b60a7a03ba4,2026-09-17T21:34:33+00:00,1ZjwyNrRSLepLwt1oRlNAp4tnD_7zPxJY,2026-08,drive:1YiNeroL8eyu4NAcHepx9Tov7rp3bq_9A,OK,,,https://drive.google.com/open?id=1YiNeroL8eyu4NAcHepx9Tov7rp3bq_9A,Extraido visualmente de nuevo cuadro en Drive Pendientes Agosto.
1_PWWtziJS-sXmeoJXReaipvJ1ky9Vht3,PHOTO-2026-08-26-14-20-53.jpg,image/jpeg,15230,83e1f0f3ee4a61ac350a5bba4f0c3d40fe5549ca039914f81902f6962562b88e,a66d8467fd8ffc4a2526755bbd4a0e53f7c975e462dc23650d6fd837c085741e,2026-09-17T21:34:32+00:00,1ZjwyNrRSLepLwt1oRlNAp4tnD_7zPxJY,2026-08,drive:1_PWWtziJS-sXmeoJXReaipvJ1ky9Vht3,OK_TRANSFERENCIA_1_2,,,https://drive.google.com/open?id=1_PWWtziJS-sXmeoJXReaipvJ1ky9Vht3,Costos pagados anteriormente; base tomada del ECHEQ transferido al 1.2%.
1SBcAFqPi1OyoN_X86c6VILcQCYxkFr7R,PHOTO-2026-08-28-11-10-05.jpg,image/jpeg,460776,72c7152d202482e2c981482c4ba1b4cf3757ec3bffb38957468a1e8c0def6641,0f3e9fe8233ae418754e706c6b369a78c289933ced36d3bb695d6eefb709120e,2026-09-17T21:34:35+00:00,1ZjwyNrRSLepLwt1oRlNAp4tnD_7zPxJY,2026-08,drive:1SBcAFqPi1OyoN_X86c6VILcQCYxkFr7R,OK,,,https://drive.google.com/open?id=1SBcAFqPi1OyoN_X86c6VILcQCYxkFr7R,Extraido visualmente de nuevo cuadro en Drive Pendientes Agosto.
1u8jRvizW6pkDZHBo_-ZZEUgBGIYBMuXk,PHOTO-2026-08-28-16-13-43.jpg,image/jpeg,55282,f530f8a0303c2188a27f59702c4f526d2fdecc2f0fa040b5f0454bf80d8427bf,4ab49cd6ec8cbd357fdddbb4032e00561a1eab961ae4d61000a8c3067fe6b03f,2026-09-17T21:34:34+00:00,1ZjwyNrRSLepLwt1oRlNAp4tnD_7zPxJY,2026-08,drive:1u8jRvizW6pkDZHBo_-ZZEUgBGIYBMuXk,OK,,,https://drive.google.com/open?id=1u8jRvizW6pkDZHBo_-ZZEUgBGIYBMuXk,Extraido visualmente de nuevo cuadro en Drive Pendientes Agosto.
10zQ13tZaFgazL-PwSdvBdweh_ForfFVu,PHOTO-2026-08-29-11-25-57.jpg,image/jpeg,260064,70e75e24df3e99db0b2efa6d9a6d2faedbc0316286ceb38e7ddb16ece54b85b5,13e86bc60b09647e6ee646ec05cf7e309da75fc8289d49cedc28cc3b30c1707a,2026-09-17T21:34:38+00:00,1ZjwyNrRSLepLwt1oRlNAp4tnD_7zPxJY,2026-08,drive:10zQ13tZaFgazL-PwSdvBdweh_ForfFVu,OK,,,https://drive.google.com/open?id=10zQ13tZaFgazL-PwSdvBdweh_ForfFVu,Extraido visualmente de nuevo cuadro en Drive Pendientes Agosto.
1j8ekHRosuAJJuM7VWa0GgzvvwssydbnS,PHOTO-2026-08-29-11-26-16.jpg,image/jpeg,331618,9bed1fd84f48fe6ad1d0a0b1c221bf598473823b00a6afd816df7846d0e2dd5f,f300e2a80f62abd0b2c69fcb4564cd168b54c8a59f82c067a5b420599dc92607,2026-09-17T21:34:36+00:00,1ZjwyNrRSLepLwt1oRlNAp4tnD_7zPxJY,2026-08,drive:1j8ekHRosuAJJuM7VWa0GgzvvwssydbnS,OK,,,https://drive.google.com/open?id=1j8ekHRosuAJJuM7VWa0GgzvvwssydbnS,Extraido visualmente de nuevo cuadro en Drive Pendientes Agosto.
16gC0GPVqDGdMHbcvO0A4EalYKyAtsT8E,PHOTO-2026-08-29-11-26-34.jpg,image/jpeg,360913,6ab5e63b6f6009aa18dd1ea8315bcb771ac1da2d9ce19a4961ca4525b99fbf99,17498632d05a141d1b940e034b7da251ce75bbbcd39d5bbbd12f5b0cdc74fc09,2026-09-17T21:34:37+00:00,1ZjwyNrRSLepLwt1oRlNAp4tnD_7zPxJY,2026-08,drive:16gC0GPVqDGdMHbcvO0A4EalYKyAtsT8E,OK,,,https://drive.google.com/open?id=16gC0GPVqDGdMHbcvO0A4EalYKyAtsT8E,Extraido visualmente de nuevo cuadro en Drive Pendientes Agosto.
14UjNQeWmZ-vxYWVPT9Fk3lRBuzrCwktW,PHOTO-2026-08-29-11-56-07.jpg,image/jpeg,382414,644ad70e925f1fa4107a507a551aea9ac83b3487eefcc3cd31b5fb4c4bf997b8,00fac84dad06da3bd10660da1c7acadfa77cc8de48826c430394b8bfd6266905,2026-09-17T21:34:35+00:00,1ZjwyNrRSLepLwt1oRlNAp4tnD_7zPxJY,2026-08,drive:14UjNQeWmZ-vxYWVPT9Fk3lRBuzrCwktW,OK,,,https://drive.google.com/open?id=14UjNQeWmZ-vxYWVPT9Fk3lRBuzrCwktW,Extraido visualmente de nuevo cuadro en Drive Pendientes Agosto.
1E4ijYvCEWZQmtH8lbyxGUdB3nKTSG733,PHOTO-2026-08-31-14-43-43.jpg,image/jpeg,384536,68e400d49475e10365bdc467a351ae26a563e14eb8ff2ef2ba609eddf46aa7c6,c7b82650f196c3448aabbcb4726d92af76a8b34a995ce197a9be8b4d09a8a071,2026-09-17T21:34:39+00:00,1ZjwyNrRSLepLwt1oRlNAp4tnD_7zPxJY,2026-08,drive:1E4ijYvCEWZQmtH8lbyxGUdB3nKTSG733,OK,,,https://drive.google.com/open?id=1E4ijYvCEWZQmtH8lbyxGUdB3nKTSG733,Extraido visualmente de nuevo cuadro en Drive Pendientes Agosto.
1DLOSf50a70R-PhaoRV5hZJQAFAzxPtzK,PHOTO-2026-08-31-15-31-43.jpg,image/jpeg,331985,eff65e1a4b88ec99c0d93c61a40af7c97a5859d74438e521d4f0148171b55aac,b8708aa47bcaa0722b4a4652097be9b06c63f2da9813eb29ea9551ccdce17a77,2026-09-17T21:34:40+00:00,1ZjwyNrRSLepLwt1oRlNAp4tnD_7zPxJY,2026-08,drive:1DLOSf50a70R-PhaoRV5hZJQAFAzxPtzK,OK,,,https://drive.google.com/open?id=1DLOSf50a70R-PhaoRV5hZJQAFAzxPtzK,Extraido visualmente de nuevo cuadro en Drive Pendientes Agosto.
1J57hsp99pPZOOFpVQYAg0i-EDG5ofLWV,PHOTO-2026-09-01-16-54-10.jpg,image/jpeg,328074,ecdec8f197d0c0d39f7e31b1483394a9034c98aca6c6cb2b621499c54d3521ff,03dc99abf38c45ac7addf9b6fd4540631159e2d01ee7204a5c9c57be85677363,2026-09-17T21:34:39+00:00,1ZjwyNrRSLepLwt1oRlNAp4tnD_7zPxJY,2026-08,drive:1J57hsp99pPZOOFpVQYAg0i-EDG5ofLWV,OK,,,https://drive.google.com/open?id=1J57hsp99pPZOOFpVQYAg0i-EDG5ofLWV,Extraido visualmente de nuevo cuadro en Drive Pendientes Agosto; imputado por fecha ECHEQ aunque el archivo fue subido el 01/09.
1iOKqKeRb1HMBsg2m4hBtO9JEAOrchtwU,PHOTO-2026-09-02-12-29-36.jpg,image/jpeg,316743,a48b64e4f7ba935b85c075b5e832fe1da4ecd9af03b6112b1f700da0433bfced,d82ba96a4176ae96e59e4110968f631925450ecaf85ef07d4062c776e5e5a0a8,2026-09-17T21:34:41+00:00,1ZjwyNrRSLepLwt1oRlNAp4tnD_7zPxJY,2026-08,drive:1iOKqKeRb1HMBsg2m4hBtO9JEAOrchtwU,OK,,,https://drive.google.com/open?id=1iOKqKeRb1HMBsg2m4hBtO9JEAOrchtwU,Extraido visualmente de nuevo cuadro en Drive Pendientes Agosto; imputado por fecha ECHEQ y rentabilidad calculada sobre Facturacion Neta.
1ghUVKOohLJu_I60U57T_l_yhNUuJUOjk,PHOTO-2026-09-03-21-27-03.jpg,image/jpeg,380229,1441f1ee3ce0d6fb6b6e39a543a82fc906d5036b0e9900da88c88abbb8dfc9e1,64bf2397bdac7c632cdd85bf5a61ab2e2525b1561e0ab62029b663bf4b881821,2026-09-17T21:34:42+00:00,1ZjwyNrRSLepLwt1oRlNAp4tnD_7zPxJY,2026-08,drive:1ghUVKOohLJu_I60U57T_l_yhNUuJUOjk,OK,,,https://drive.google.com/open?id=1ghUVKOohLJu_I60U57T_l_yhNUuJUOjk,Operacion valida omitida detectada por auditoria documental; Facturacion Neta tomada de FACTURADO visible.
1ctm28H6dqJgZ3B2CqUYyJubVhyaj6tVM,PHOTO-2026-09-09-12-48-01.jpg,image/jpeg,355116,28d8af7cc2f284f37fd625e208fb6aef796e045460cb46f1444c5720786157f1,b444ea58fafb2593be4188c4a96f22e1985fcd4046d29f48107804e6214513f6,2026-09-17T21:34:43+00:00,1ZjwyNrRSLepLwt1oRlNAp4tnD_7zPxJY,2026-08,drive:1ctm28H6dqJgZ3B2CqUYyJubVhyaj6tVM,OK,,,https://drive.google.com/open?id=1ctm28H6dqJgZ3B2CqUYyJubVhyaj6tVM,Extraido visualmente de cuadro nuevo; imputado por fecha ECHEQ de agosto.
16p3zfejUBpSCUl32Amo8dICjEsqmynuN,b6847477-6ac8-432b-b9b4-f9d529af7085.jpg,image/jpeg,17077,d4fb0cd2557dd2b5745aa54c1d1f35a3b391a6913104fbd93106a3f956708fd6,37701a07f330988aa689453ce8372f1dd8f9bba77740e8eb5e2e59c3076bddac,2026-09-17T21:33:48+00:00,1ZjwyNrRSLepLwt1oRlNAp4tnD_7zPxJY,2026-08,legacy:c822e7e8c6c2f190e81d817067d1c0dd530a2482c134be4d38c97a82999abe88,OK,,,https://drive.google.com/open?id=16p3zfejUBpSCUl32Amo8dICjEsqmynuN,Extraido de Drive Pendientes Agosto; FC neta usada como Facturado.
11Fege5aqjeSV7XjgRlKxbdccsZq7oE0W,d682cd7b-f2e9-41a4-a594-4853596f4bb5.jpg,image/jpeg,608850,845aabc5b9b82a8869829e4f56099ed41285f976bdc5d86789a23c5526647182,100859a752e6cea5e51cff3cd837199e432b60e68bc34958e600b9d95e67535a,2026-09-17T21:33:52+00:00,1ZjwyNrRSLepLwt1oRlNAp4tnD_7zPxJY,2026-08,legacy:51f26cbbcfc4bb3339bc780c00dd74d8fe25d85e97928563b5fd502070331435,OK,,,https://drive.google.com/open?id=11Fege5aqjeSV7XjgRlKxbdccsZq7oE0W,Validado por respuesta en Control Cuadros Pendientes Octopus 112.
1xo-Qf2cAmNmuoCMdhXmq2oFW3wsfKc-5,f2c1363b-fe28-4a39-99a4-18773d483b2e.jpg,image/jpeg,506608,24d8d63e2cd1ad4ca2b082e8f7ca72b7287e43766ce728ff173895438b7e16d1,17e0a898932abd7867a2b0a7823eece2eca63cbf72a52ea7622b0e2698f71ed0,2026-09-17T21:33:50+00:00,1ZjwyNrRSLepLwt1oRlNAp4tnD_7zPxJY,2026-08,legacy:7a7388710de92b835b69b932cc99dfddcc2b8ddf791b773225d55f7e09c46851,OK,,,https://drive.google.com/open?id=1xo-Qf2cAmNmuoCMdhXmq2oFW3wsfKc-5,Validado por respuesta en Control Cuadros Pendientes Octopus 112.
1LWsumF8ClR3raJr9sqfBw3Le1UkWcFI0,Cheque10974850_HYF DISTRIBUCIONES S.A._33711676789.pdf,application/pdf,4780,9d55a4b8ede177b0684a2433d688ef7b7baeb610b2919ef16b2dbaf9056ebb0a,,2026-09-22T21:24:36+00:00,1TQKK0nLbBWWlBag8XSmZp5hyOzIMl37c,2026-09,pagos:1LWsumF8ClR3raJr9sqfBw3Le1UkWcFI0,OK_PAGOS,,,https://drive.google.com/file/d/1LWsumF8ClR3raJr9sqfBw3Le1UkWcFI0/view?usp=drivesdk,Documento de Pagos revisado: todas las fechas economicas visibles corresponden a septiembre de 2026; no alimenta rentabilidad.
1n4IUoihTmoCkvi168VyY3HrWLSg-HeSv,Cheque14665_HYF DISTRIBUCIONES S.A._33711676789.pdf,application/pdf,4777,76ad4f0d07def22b60446e5c2ce97d2948fec14d6bedeea9d6c09daa4856e29e,,2026-09-22T21:24:36+00:00,1TQKK0nLbBWWlBag8XSmZp5hyOzIMl37c,2026-09,pagos:1n4IUoihTmoCkvi168VyY3HrWLSg-HeSv,OK_PAGOS,,,https://drive.google.com/file/d/1n4IUoihTmoCkvi168VyY3HrWLSg-HeSv/view?usp=drivesdk,Documento de Pagos revisado: todas las fechas economicas visibles corresponden a septiembre de 2026; no alimenta rentabilidad.
1pG58wDOC4p0Xt3pN25JpkWQVigq3hqJa,Cheque1930_HYF DISTRIBUCIONES S.A._33711676789.pdf,application/pdf,4774,b38a9603b27e154b3f784f4cdae52f4db4bb77b84c8ec41c95ed0605d71503f1,,2026-09-22T21:24:36+00:00,1TQKK0nLbBWWlBag8XSmZp5hyOzIMl37c,2026-09,pagos:1pG58wDOC4p0Xt3pN25JpkWQVigq3hqJa,OK_PAGOS,,,https://drive.google.com/file/d/1pG58wDOC4p0Xt3pN25JpkWQVigq3hqJa/view?usp=drivesdk,Documento de Pagos revisado: todas las fechas economicas visibles corresponden a septiembre de 2026; no alimenta rentabilidad.
1_mlr-_UsrxZwSfOVTZo50099JBzRVUMB,Cheque30000072_HYF DISTRIBUCIONES S.A._33711676789.pdf,application/pdf,4772,68ff74611a1ec8709ff3c38ee61ea21c753b78cc300d50024632720b3f4c032e,,2026-09-22T21:24:36+00:00,1TQKK0nLbBWWlBag8XSmZp5hyOzIMl37c,2026-09,pagos:1_mlr-_UsrxZwSfOVTZo50099JBzRVUMB,OK_PAGOS,,,https://drive.google.com/file/d/1_mlr-_UsrxZwSfOVTZo50099JBzRVUMB/view?usp=drivesdk,Documento de Pagos revisado: todas las fechas economicas visibles corresponden a septiembre de 2026; no alimenta rentabilidad.
1WqEpZGeLJUy7_2SDvdtsxaAxr7wwstz5,Cheque30007511_HYF DISTRIBUCIONES S.A._33711676789.pdf,application/pdf,4775,e13df5ac42f6cf5bfa06064f3470ec15829c3849104e9e8a0769ceac98f9a00f,,2026-09-22T21:24:36+00:00,1TQKK0nLbBWWlBag8XSmZp5hyOzIMl37c,2026-09,pagos:1WqEpZGeLJUy7_2SDvdtsxaAxr7wwstz5,OK_PAGOS,,,https://drive.google.com/file/d/1WqEpZGeLJUy7_2SDvdtsxaAxr7wwstz5/view?usp=drivesdk,Documento de Pagos revisado: todas las fechas economicas visibles corresponden a septiembre de 2026; no alimenta rentabilidad.
1KviGjVa_6xUzDK_ReeInudMOYCSv8cRu,Cheque31017_HYF DISTRIBUCIONES S.A._33711676789.pdf,application/pdf,4942,aa6d806a403e3a9b86ffbe3776b909169162423097ac6edfe1f98a33f965a3d2,,2026-09-22T21:24:36+00:00,1TQKK0nLbBWWlBag8XSmZp5hyOzIMl37c,2026-09,pagos:1KviGjVa_6xUzDK_ReeInudMOYCSv8cRu,OK_PAGOS,,,https://drive.google.com/file/d/1KviGjVa_6xUzDK_ReeInudMOYCSv8cRu/view?usp=drivesdk,Documento de Pagos revisado: todas las fechas economicas visibles corresponden a septiembre de 2026; no alimenta rentabilidad.
1aRhXIDenDaBIlbp7c5RVYQefL-cwj0jr,Cheque40755529_HYF DISTRIBUCIONES S.A._33711676789.pdf,application/pdf,4773,7d0e7b2df23b726c77217da36511b70498c181c9feef8332371cd0d5b5dc0ad0,,2026-09-22T21:24:36+00:00,1TQKK0nLbBWWlBag8XSmZp5hyOzIMl37c,2026-09,pagos:1aRhXIDenDaBIlbp7c5RVYQefL-cwj0jr,OK_PAGOS,,,https://drive.google.com/file/d/1aRhXIDenDaBIlbp7c5RVYQefL-cwj0jr/view?usp=drivesdk,Documento de Pagos revisado: todas las fechas economicas visibles corresponden a septiembre de 2026; no alimenta rentabilidad.
1-CkxwcnFGvnKYGyfWMFBRiqjwc5dT4M6,Cheque6268_HYF DISTRIBUCIONES S.A._33711676789.pdf,application/pdf,4775,a96e5ebb562d6babf5d66fb367e85e7aa6835ddbcff6b5db27e5f98d64e71a76,,2026-09-22T21:24:36+00:00,1TQKK0nLbBWWlBag8XSmZp5hyOzIMl37c,2026-09,pagos:1-CkxwcnFGvnKYGyfWMFBRiqjwc5dT4M6,OK_PAGOS,,,https://drive.google.com/file/d/1-CkxwcnFGvnKYGyfWMFBRiqjwc5dT4M6/view?usp=drivesdk,Documento de Pagos revisado: todas las fechas economicas visibles corresponden a septiembre de 2026; no alimenta rentabilidad.
1ctptNIPuxeKs0nzR5KcCirDNiWCkacDK,Cheque68253510_HYF DISTRIBUCIONES S.A._33711676789.pdf,application/pdf,4777,c9d6daf2c2148efb406bb009ba84cd0145926039c4f2236f72a034bc33b5e4ac,,2026-09-22T21:24:36+00:00,1TQKK0nLbBWWlBag8XSmZp5hyOzIMl37c,2026-09,pagos:1ctptNIPuxeKs0nzR5KcCirDNiWCkacDK,OK_PAGOS,,,https://drive.google.com/file/d/1ctptNIPuxeKs0nzR5KcCirDNiWCkacDK/view?usp=drivesdk,Documento de Pagos revisado: todas las fechas economicas visibles corresponden a septiembre de 2026; no alimenta rentabilidad.
1bWctVvQ07M-D5w13uH0rOpx6pYZ2j6-8,Cheque6931069_HYF DISTRIBUCIONES S.A._33711676789.pdf,application/pdf,4777,803f43510973841839e51d774810f77db23fcc747034d479e5f702b97106a815,,2026-09-22T21:24:36+00:00,1TQKK0nLbBWWlBag8XSmZp5hyOzIMl37c,2026-09,pagos:1bWctVvQ07M-D5w13uH0rOpx6pYZ2j6-8,OK_PAGOS,,,https://drive.google.com/file/d/1bWctVvQ07M-D5w13uH0rOpx6pYZ2j6-8/view?usp=drivesdk,Documento de Pagos revisado: todas las fechas economicas visibles corresponden a septiembre de 2026; no alimenta rentabilidad.
1hBz2xIxgvyxpTQDONjfYHpEyPF7-kkAk,Digitalización_2008_01_06_01_42_10_115.pdf,application/pdf,36857,5c65114666d48113aa81911c9b9a7280aa3d3ea92e8bbde545ddcc740b36190d,,2026-09-22T21:24:36+00:00,1TQKK0nLbBWWlBag8XSmZp5hyOzIMl37c,2026-09,pagos:1hBz2xIxgvyxpTQDONjfYHpEyPF7-kkAk,OK_PAGOS,,,https://drive.google.com/file/d/1hBz2xIxgvyxpTQDONjfYHpEyPF7-kkAk/view?usp=drivesdk,Documento de Pagos revisado visualmente: certificado fechado 21/09/2026; permanece en septiembre; no alimenta rentabilidad.
1Ym4hVKmiUXMpLCs4jTIxGe-WoXRhUFgT,Digitalización_2008_01_06_20_43_56_854.pdf,application/pdf,36587,249747161fc960cf911441e38fd8e7ebccaf3f556791d3481ef670cc77d19bf5,,2026-09-22T21:24:36+00:00,1TQKK0nLbBWWlBag8XSmZp5hyOzIMl37c,2026-09,pagos:1Ym4hVKmiUXMpLCs4jTIxGe-WoXRhUFgT,OK_PAGOS,,,https://drive.google.com/file/d/1Ym4hVKmiUXMpLCs4jTIxGe-WoXRhUFgT/view?usp=drivesdk,Documento de Pagos revisado visualmente: certificado fechado 22/09/2026; permanece en septiembre; no alimenta rentabilidad.
1pQLSyx4vE9L2FaA7QvH3rul598cFFeWZ,Espora 22.9.pdf,application/pdf,5451,e710f7f2f62d5ff8d0e90e0f029669f9887b1ed303df06d2253c1480ee948d1f,,2026-09-22T21:24:36+00:00,1TQKK0nLbBWWlBag8XSmZp5hyOzIMl37c,2026-09,pagos:1pQLSyx4vE9L2FaA7QvH3rul598cFFeWZ,OK_PAGOS,,,https://drive.google.com/file/d/1pQLSyx4vE9L2FaA7QvH3rul598cFFeWZ/view?usp=drivesdk,Documento de Pagos revisado: todas las fechas economicas visibles corresponden a septiembre de 2026; no alimenta rentabilidad.
171grfeSurd0O1fbGHl6npV7txiF7k4GC,O_P Espora M _0000000039946.pdf,application/pdf,71984,f13fcf433db17fdc5900d79e6a68b5fb5a09db4fb9e2640425803078a3f37dd2,,2026-09-22T21:24:36+00:00,1TQKK0nLbBWWlBag8XSmZp5hyOzIMl37c,2026-09,pagos:171grfeSurd0O1fbGHl6npV7txiF7k4GC,OK_PAGOS,,,https://drive.google.com/file/d/171grfeSurd0O1fbGHl6npV7txiF7k4GC/view?usp=drivesdk,Documento de Pagos revisado: todas las fechas economicas visibles corresponden a septiembre de 2026; no alimenta rentabilidad.
1xR5p-c1pjIaREDhJn1wRqNvtlFt-rPem,O_P_0000000039946_G00003260.pdf,application/pdf,12608,4090862daa0d60bc3c8f6720fa6f9b2c0640a9803cc560e3867bafac27b34bc1,,2026-09-22T21:24:36+00:00,1TQKK0nLbBWWlBag8XSmZp5hyOzIMl37c,2026-09,pagos:1xR5p-c1pjIaREDhJn1wRqNvtlFt-rPem,OK_PAGOS,,,https://drive.google.com/file/d/1xR5p-c1pjIaREDhJn1wRqNvtlFt-rPem/view?usp=drivesdk,Documento de Pagos revisado: todas las fechas economicas visibles corresponden a septiembre de 2026; no alimenta rentabilidad.
1LycUZjLlnV6FO9fijqVaChEvGYVUgU0M,Ordenes de Pago  DISTRIBUIDORA ESPORA SRL 22-9-26.pdf,application/pdf,59121,f73689d4e4fd5f2643a68ebb2995932ca82b3209aa3ce74044d5adf52792d232,,2026-09-22T21:24:36+00:00,1TQKK0nLbBWWlBag8XSmZp5hyOzIMl37c,2026-09,pagos:1LycUZjLlnV6FO9fijqVaChEvGYVUgU0M,OK_PAGOS,,,https://drive.google.com/file/d/1LycUZjLlnV6FO9fijqVaChEvGYVUgU0M/view?usp=drivesdk,Documento de Pagos revisado: todas las fechas economicas visibles corresponden a septiembre de 2026; no alimenta rentabilidad.
1S7Z74IfnL75y0Bc5Dd2VvzOkhPqhm5yZ,Ordenes de Pago HYF DISTRIBUCIONES SA 22-9-26.pdf,application/pdf,58754,b42795565fa82d41a011128c8cc3adc5be3cdd31442fffe90132ccda468c06cc,,2026-09-22T21:24:36+00:00,1TQKK0nLbBWWlBag8XSmZp5hyOzIMl37c,2026-09,pagos:1S7Z74IfnL75y0Bc5Dd2VvzOkhPqhm5yZ,OK_PAGOS,,,https://drive.google.com/file/d/1S7Z74IfnL75y0Bc5Dd2VvzOkhPqhm5yZ/view?usp=drivesdk,Documento de Pagos revisado: todas las fechas economicas visibles corresponden a septiembre de 2026; no alimenta rentabilidad.
1c2mz0v1d90dP8K_j68i9Wa9jn4c84MWi,PHOTO-2026-08-24-13-36-55.jpg,image/jpeg,304987,8d1ae655f077231b466923c6be2411ed545f64aa4d58f8e489cce88426cb536f,0af702c4d9fc7e9eef402a9e755224c385da80ab5e33d0c8c7fbbcdb2f567c10,2026-09-17T21:34:44+00:00,1Q_FQ8HtFFTGWwBpQrVwKtepzcFzCfqXz,2026-09,drive:1c2mz0v1d90dP8K_j68i9Wa9jn4c84MWi,OK_TRANSFERENCIA_1_2,,,https://drive.google.com/open?id=1c2mz0v1d90dP8K_j68i9Wa9jn4c84MWi,Costos pagados anteriormente; base tomada del ECHEQ transferido al 1.2%; imputado por fecha ECHEQ.
1E-KylRmviBfoivwCSc_Ia1Cm9_nT3NNM,PHOTO-2026-08-28-15-32-49.jpg,image/jpeg,407973,230ab38cb86c21e6b78adf5bd5587736e53d5569fe8b7aafe01d308f62f104a4,c8cc9b2b7104674b966877d1c73e0fbf58030b2d9e5484856d5856e46e1bcfe2,2026-09-17T21:34:45+00:00,1Q_FQ8HtFFTGWwBpQrVwKtepzcFzCfqXz,2026-09,drive:1E-KylRmviBfoivwCSc_Ia1Cm9_nT3NNM,REVISION,,,https://drive.google.com/open?id=1E-KylRmviBfoivwCSc_Ia1Cm9_nT3NNM,Fecha ECHEQ ambigua/multiple; confirmar si corresponde 31/08 y/o 01/09 antes de publicar.
1XntV2WlZ72QwDSSpQ20jOdKX7T7ZbShA,PHOTO-2026-08-28-19-44-37.jpg,image/jpeg,326116,2a5c34419de7f92feb804bd466dfbc72cb80065fdc81a9584687017f006b9656,1bdc3cf9ac2d4020f64fb01dc6957fafa2e6d75a138c0178a1856bc2e33cf939,2026-09-17T21:34:45+00:00,1Q_FQ8HtFFTGWwBpQrVwKtepzcFzCfqXz,2026-09,drive:1XntV2WlZ72QwDSSpQ20jOdKX7T7ZbShA,OK,,,https://drive.google.com/open?id=1XntV2WlZ72QwDSSpQ20jOdKX7T7ZbShA,Extraido visualmente de nuevo cuadro en Drive Pendientes Septiembre; imputado por fecha ECHEQ.
1cAMwzKwjnKh6o5t1_n6JTFFrRES7pcIb,PHOTO-2026-09-01-16-10-03.jpg,image/jpeg,17550,9158ea1ad9d85aaadf4efedb9d74d1e1e74cc67ed4340ad6351cb75583f459de,88dba562b035e7775be0ba31366bfa4c206c4ec9d0e28c77d2a241645bbabc62,2026-09-17T21:34:47+00:00,1Q_FQ8HtFFTGWwBpQrVwKtepzcFzCfqXz,2026-09,drive:1cAMwzKwjnKh6o5t1_n6JTFFrRES7pcIb,OK,,,https://drive.google.com/open?id=1cAMwzKwjnKh6o5t1_n6JTFFrRES7pcIb,"Extraido visualmente de nuevo cuadro en Drive Pendientes Septiembre.; Denominador corregido: rentabilidad calculada sobre Facturacion Neta, no sobre ECHEQ."
10hK-VrjXIfLoiAbN_io9dBKn-3qbG7cs,PHOTO-2026-09-01-16-20-41.jpg,image/jpeg,18253,af80ad65870103953582e8930b1902460feb97749a3d5d43a7ba786ae24c29b4,575df75c9272728f77fd01e4c780e6d2656dda84a8244c92f8534010ab4db269,2026-09-17T21:34:49+00:00,1Q_FQ8HtFFTGWwBpQrVwKtepzcFzCfqXz,2026-09,drive:10hK-VrjXIfLoiAbN_io9dBKn-3qbG7cs,OK,,,https://drive.google.com/open?id=10hK-VrjXIfLoiAbN_io9dBKn-3qbG7cs,"Extraido visualmente de nuevo cuadro en Drive Pendientes Septiembre; fechas dentro de septiembre.; Denominador corregido: rentabilidad calculada sobre Facturacion Neta, no sobre ECHEQ."
1AghR5N2mZG7pfXWsxNK1jZiAPDaIg7ly,PHOTO-2026-09-01-16-35-40.jpg,image/jpeg,17306,38a9003c98cda7817105bf86224b9f92cf17d0b79bd83ee027cd4be6e1dc7647,42804ed1319d590a0cd602209bd0814fb9175d170ec749404a1829f73b351eab,2026-09-17T21:34:47+00:00,1Q_FQ8HtFFTGWwBpQrVwKtepzcFzCfqXz,2026-09,drive:1AghR5N2mZG7pfXWsxNK1jZiAPDaIg7ly,OK,,,https://drive.google.com/open?id=1AghR5N2mZG7pfXWsxNK1jZiAPDaIg7ly,"Extraido visualmente de nuevo cuadro en Drive Pendientes Septiembre.; Denominador corregido: rentabilidad calculada sobre Facturacion Neta, no sobre ECHEQ."
1V-WsZoFO1hIAZfFhzM2mbhQRSwjePWZr,PHOTO-2026-09-01-16-40-23.jpg,image/jpeg,17535,3997ec155a297e15e9a03ccdfb7c6e686203c6231543de7eb5c684b573f5d50c,2ae85c02a823e0515ea907254cdf085afa48724a3805bbc718b5a2fbb010e210,2026-09-17T21:34:48+00:00,1Q_FQ8HtFFTGWwBpQrVwKtepzcFzCfqXz,2026-09,drive:1V-WsZoFO1hIAZfFhzM2mbhQRSwjePWZr,OK,,,https://drive.google.com/open?id=1V-WsZoFO1hIAZfFhzM2mbhQRSwjePWZr,"Extraido visualmente de nuevo cuadro en Drive Pendientes Septiembre; fechas dentro de septiembre.; Denominador corregido: rentabilidad calculada sobre Facturacion Neta, no sobre ECHEQ."
1iseq0i3BEmZrVlXNd0T1hLI-Zed8AGC4,PHOTO-2026-09-01-18-15-53.jpg,image/jpeg,307243,be80b06ad05130d5baaf313a83ddbbc89350a27ec4eec97fdc9640825eca10cf,f9f2a5df029adf62b6661953cd6dfd6d71364758b58c82c5cb387eae7e48ad16,2026-09-17T21:34:46+00:00,1Q_FQ8HtFFTGWwBpQrVwKtepzcFzCfqXz,2026-09,drive:1iseq0i3BEmZrVlXNd0T1hLI-Zed8AGC4,OK,,,https://drive.google.com/open?id=1iseq0i3BEmZrVlXNd0T1hLI-Zed8AGC4,Extraido visualmente de nuevo cuadro en Drive Pendientes Septiembre.
1ckfKpHguLreDs8X7xT04kXK_mNjAuMY4,PHOTO-2026-09-02-11-18-27.jpg,image/jpeg,224155,3d0b5387dc6d5542755e15d79ce79b7ce090cff302111eb1e5e0db9e9268bdd7,b825f1f38c9424e32e45194c52fecd9a6e7dae9eb6a82bfea16b9e2cfb941a01,2026-09-17T21:34:50+00:00,1Q_FQ8HtFFTGWwBpQrVwKtepzcFzCfqXz,2026-09,drive:1ckfKpHguLreDs8X7xT04kXK_mNjAuMY4,OK,,,https://drive.google.com/open?id=1ckfKpHguLreDs8X7xT04kXK_mNjAuMY4,Extraido visualmente de nuevo cuadro en Drive Pendientes Septiembre; rentabilidad calculada sobre Facturacion Neta.
1EkA5yA_9ULl3AGGxPD8PTVmzFFJezqz2,PHOTO-2026-09-04-11-28-27.jpg,image/jpeg,204869,cd8c4c892c4b7f9579d47f21fd77ef73db5934c179d6af49475db58f417d7ba9,f7e9c10184786aa206a89a444b7d8c3d6a4bf0b0739765eaed8e0d630cc4c64e,2026-09-17T21:34:54+00:00,1Q_FQ8HtFFTGWwBpQrVwKtepzcFzCfqXz,2026-09,drive:1EkA5yA_9ULl3AGGxPD8PTVmzFFJezqz2,OK,,,https://drive.google.com/open?id=1EkA5yA_9ULl3AGGxPD8PTVmzFFJezqz2,Extraido visualmente de cuadro nuevo en Drive Pendientes Septiembre; fecha visible interpretada como 08/09/26 por contexto.
1-oLKXQX-tGHVm_gyiaF7DSNRXyappwTf,PHOTO-2026-09-04-14-00-48.jpg,image/jpeg,368738,b5c37db8b2e1a8abf445b308057f8e4f4f96770407daf7272144fc66457ee8f7,f25f7ea5dfaf67baa85dc277feedfc0475dcb6ff39e0c125cb157ac85786789c,2026-09-17T21:34:52+00:00,1Q_FQ8HtFFTGWwBpQrVwKtepzcFzCfqXz,2026-09,drive:1-oLKXQX-tGHVm_gyiaF7DSNRXyappwTf,OK,,,https://drive.google.com/open?id=1-oLKXQX-tGHVm_gyiaF7DSNRXyappwTf,Extraido visualmente de cuadro nuevo en Drive Pendientes Septiembre.
1Jz8M6Psw2ZyT6EClArzVoWukJ9ZNZewQ,PHOTO-2026-09-04-16-13-22.jpg,image/jpeg,16843,61a85400b4cde1885eaf454e40fe0f674d62d814c4a0e4eabb97a2b1955edde1,a1579cfd155718677b991aadff305ce2ea889a257484a311b0dd1e0dcc889541,2026-09-17T21:34:51+00:00,1Q_FQ8HtFFTGWwBpQrVwKtepzcFzCfqXz,2026-09,drive:1Jz8M6Psw2ZyT6EClArzVoWukJ9ZNZewQ,OK,,,https://drive.google.com/open?id=1Jz8M6Psw2ZyT6EClArzVoWukJ9ZNZewQ,Extraido visualmente de cuadro nuevo; denominador Facturacion Neta visible.
170hptflFU_zBo78bARBVkrCGCLkytaTY,PHOTO-2026-09-04-16-22-58.jpg,image/jpeg,326326,b0aaf18c482bde71f75e2ccfe837fc0d2ad64c1221e3aa346b48fe2ecf010526,0a9c6ef76be89f6f431922b667de4f054824939844d3d322cde1bfe8180bee76,2026-09-17T21:34:56+00:00,1Q_FQ8HtFFTGWwBpQrVwKtepzcFzCfqXz,2026-09,drive:170hptflFU_zBo78bARBVkrCGCLkytaTY,OK,,,https://drive.google.com/open?id=170hptflFU_zBo78bARBVkrCGCLkytaTY,Extraido visualmente de cuadro nuevo en Drive Pendientes Septiembre.
1z8_c-Br-ZC10eN6U0VRt3PO4SIIRnBUz,PHOTO-2026-09-07-17-26-17.jpg,image/jpeg,284787,ac785ece032253cf96484ae6789242edb7922ce04a5938dce91cc847a6219549,76aee23dd7fa7c55fc0caa69be7f10bad1b63071ec02c7fcbb6e5dce962bb565,2026-09-17T21:34:53+00:00,1Q_FQ8HtFFTGWwBpQrVwKtepzcFzCfqXz,2026-09,drive:1z8_c-Br-ZC10eN6U0VRt3PO4SIIRnBUz,OK,,,https://drive.google.com/open?id=1z8_c-Br-ZC10eN6U0VRt3PO4SIIRnBUz,Extraido visualmente de cuadro nuevo en Drive Pendientes Septiembre.
1crRHyNKS10VtDoGBiCEWdU3iUBgGj0ul,PHOTO-2026-09-07-17-27-38.jpg,image/jpeg,300840,f9c7e6f864c35310c1d3845c5c518bcf0a88846c194fbb679abf7c8b6d7b348d,8d3784028e39082c71baa69aeb065b9903bb1e1de0093138e3ce06ce42e9d42b,2026-09-17T21:34:55+00:00,1Q_FQ8HtFFTGWwBpQrVwKtepzcFzCfqXz,2026-09,drive:1crRHyNKS10VtDoGBiCEWdU3iUBgGj0ul,OK,,,https://drive.google.com/open?id=1crRHyNKS10VtDoGBiCEWdU3iUBgGj0ul,Extraido visualmente de cuadro nuevo en Drive Pendientes Septiembre.
1G3G-gYKM8DwXWN7uFQtcAx6Y1MmiGB3B,PHOTO-2026-09-08-14-15-51.jpg,image/jpeg,261090,19bcc5a498124a27cd9ff8324648d9f30d9576e21b243c9f1f3234b6ea627465,397369c03a3c208061a79b006130028695de41ed2f4012d6e44f8b2cb648d740,2026-09-17T21:35:02+00:00,1Q_FQ8HtFFTGWwBpQrVwKtepzcFzCfqXz,2026-09,drive:1G3G-gYKM8DwXWN7uFQtcAx6Y1MmiGB3B,OK,,,https://drive.google.com/open?id=1G3G-gYKM8DwXWN7uFQtcAx6Y1MmiGB3B,Extraido visualmente de cuadro nuevo en Drive Pendientes Septiembre.
1VEk_FDfx5bjdIUW_dIrSoaMokmnC79pL,PHOTO-2026-09-08-14-15-51.jpg,image/jpeg,261090,19bcc5a498124a27cd9ff8324648d9f30d9576e21b243c9f1f3234b6ea627465,397369c03a3c208061a79b006130028695de41ed2f4012d6e44f8b2cb648d740,2026-09-17T21:34:55+00:00,1Q_FQ8HtFFTGWwBpQrVwKtepzcFzCfqXz,2026-09,manual_rentability_operations.csv:129,DUPLICADO,1G3G-gYKM8DwXWN7uFQtcAx6Y1MmiGB3B,SAME_SHA256,https://drive.google.com/open?id=1VEk_FDfx5bjdIUW_dIrSoaMokmnC79pL,Duplicado exacto por nombre/tamano/contenido del cuadro procesado con drive_id_1G3G-gYKM8DwXWN7uFQtcAx6Y1MmiGB3B.
13IYod4nKbDghxwL0TQF8hDKQNZXHlo3Q,PHOTO-2026-09-08-16-40-48.jpg,image/jpeg,17367,814ef963bf7739b0143a72c4132e21d7377ad336b19a74387a688f6e2ca1a4e3,b8191709103107d6c0d7e78a5b46b27a89700964f56ca3993cc35ce34ea8c005,2026-09-17T21:34:51+00:00,1Q_FQ8HtFFTGWwBpQrVwKtepzcFzCfqXz,2026-09,manual_rentability_operations.csv:130,DUPLICADO,1m1AI7PXfSH6J4ScVFqqdHg4Vs0vdbJmj,SAME_SHA256,https://drive.google.com/open?id=13IYod4nKbDghxwL0TQF8hDKQNZXHlo3Q,Duplicado exacto por nombre/tamano/contenido del cuadro procesado con drive_id_1m1AI7PXfSH6J4ScVFqqdHg4Vs0vdbJmj.
1m1AI7PXfSH6J4ScVFqqdHg4Vs0vdbJmj,PHOTO-2026-09-08-16-40-48.jpg,image/jpeg,17367,814ef963bf7739b0143a72c4132e21d7377ad336b19a74387a688f6e2ca1a4e3,b8191709103107d6c0d7e78a5b46b27a89700964f56ca3993cc35ce34ea8c005,2026-09-17T21:35:02+00:00,1Q_FQ8HtFFTGWwBpQrVwKtepzcFzCfqXz,2026-09,drive:1m1AI7PXfSH6J4ScVFqqdHg4Vs0vdbJmj,OK,,,https://drive.google.com/open?id=1m1AI7PXfSH6J4ScVFqqdHg4Vs0vdbJmj,Extraido visualmente de cuadro nuevo; denominador Facturacion Neta visible.
13EJiiF0erU75CeOnoBVNZbIJv825D6j_,PHOTO-2026-09-08-16-42-42.jpg,image/jpeg,305785,6c5ee78b58376871050a767fd5e3dfc8dce81db8e8369df524ed7882eb29c176,c8994106d3a36f420660bb30a8868fdd55aa90e135b6958743d7fe987c3f0925,2026-09-17T21:34:57+00:00,1Q_FQ8HtFFTGWwBpQrVwKtepzcFzCfqXz,2026-09,manual_rentability_operations.csv:128,DUPLICADO,1L5hfOkc_vduDOmRO7lCCppiAe8wcY3me,SAME_SHA256,https://drive.google.com/open?id=13EJiiF0erU75CeOnoBVNZbIJv825D6j_,Duplicado exacto por nombre/tamano/contenido del cuadro procesado con drive_id_1L5hfOkc_vduDOmRO7lCCppiAe8wcY3me.
1L5hfOkc_vduDOmRO7lCCppiAe8wcY3me,PHOTO-2026-09-08-16-42-42.jpg,image/jpeg,305785,6c5ee78b58376871050a767fd5e3dfc8dce81db8e8369df524ed7882eb29c176,c8994106d3a36f420660bb30a8868fdd55aa90e135b6958743d7fe987c3f0925,2026-09-17T21:35:01+00:00,1Q_FQ8HtFFTGWwBpQrVwKtepzcFzCfqXz,2026-09,drive:1L5hfOkc_vduDOmRO7lCCppiAe8wcY3me,OK,,,https://drive.google.com/open?id=1L5hfOkc_vduDOmRO7lCCppiAe8wcY3me,Extraido visualmente de cuadro nuevo en Drive Pendientes Septiembre.
1Rfwn_Em3zcGaQ4Sqx1TGy2jd29szZ_k1,PHOTO-2026-09-08-16-50-27.jpg,image/jpeg,17508,a8fe5d8a311176c82c60f66d7c39cc20db1059a22c01bdbeb8f33a801baec5fd,4840647b4dae8ff70b2aed738cac7bc4aa2b0489b7398636b28f9d23732f8bec,2026-09-17T21:34:50+00:00,1Q_FQ8HtFFTGWwBpQrVwKtepzcFzCfqXz,2026-09,manual_rentability_operations.csv:131,DUPLICADO,1fqEm_9DNBtOkIyEv_l6cyeUcqR7_qmbH,SAME_SHA256,https://drive.google.com/open?id=1Rfwn_Em3zcGaQ4Sqx1TGy2jd29szZ_k1,Duplicado exacto por nombre/tamano/contenido del cuadro procesado con drive_id_1fqEm_9DNBtOkIyEv_l6cyeUcqR7_qmbH.
1fqEm_9DNBtOkIyEv_l6cyeUcqR7_qmbH,PHOTO-2026-09-08-16-50-27.jpg,image/jpeg,17508,a8fe5d8a311176c82c60f66d7c39cc20db1059a22c01bdbeb8f33a801baec5fd,4840647b4dae8ff70b2aed738cac7bc4aa2b0489b7398636b28f9d23732f8bec,2026-09-17T21:35:00+00:00,1Q_FQ8HtFFTGWwBpQrVwKtepzcFzCfqXz,2026-09,drive:1fqEm_9DNBtOkIyEv_l6cyeUcqR7_qmbH,OK,,,https://drive.google.com/open?id=1fqEm_9DNBtOkIyEv_l6cyeUcqR7_qmbH,Extraido visualmente de cuadro nuevo; denominador Facturacion Neta visible.
1iI6Ky2q8uBn_1MrLHscg7qqysRmAzBPJ,PHOTO-2026-09-08-21-16-31.jpg,image/jpeg,228185,41a8f03e1ea3666360a097979ebdb9fb9a613a812e42b8dd49399da8c07c796d,e840e6cfa7753ef5b51dbb9fb236f0223d60de1171dddbbf79d739d70dbd33d0,2026-09-17T21:35:00+00:00,1Q_FQ8HtFFTGWwBpQrVwKtepzcFzCfqXz,2026-09,drive:1iI6Ky2q8uBn_1MrLHscg7qqysRmAzBPJ,OK,,,https://drive.google.com/open?id=1iI6Ky2q8uBn_1MrLHscg7qqysRmAzBPJ,Extraido visualmente de cuadro nuevo en Drive Pendientes Septiembre.
1nhMVZAwaZB7GFX0esne1WYbj6o7SiK_r,PHOTO-2026-09-08-21-16-31.jpg,image/jpeg,228185,41a8f03e1ea3666360a097979ebdb9fb9a613a812e42b8dd49399da8c07c796d,e840e6cfa7753ef5b51dbb9fb236f0223d60de1171dddbbf79d739d70dbd33d0,2026-09-17T21:34:58+00:00,1Q_FQ8HtFFTGWwBpQrVwKtepzcFzCfqXz,2026-09,manual_rentability_operations.csv:127,DUPLICADO,1iI6Ky2q8uBn_1MrLHscg7qqysRmAzBPJ,SAME_SHA256,https://drive.google.com/open?id=1nhMVZAwaZB7GFX0esne1WYbj6o7SiK_r,Duplicado exacto por nombre/tamano/contenido del cuadro procesado con drive_id_1iI6Ky2q8uBn_1MrLHscg7qqysRmAzBPJ.
1NxSb49gOcmWnw5qgqAsKownGIiqXstKn,PHOTO-2026-09-08-21-55-15.jpg,image/jpeg,253191,05c0fa972b48f1e1604394ec4195b08f01b20d88f1ce1d3bb1d7a7ca0ec812b5,c56457da356e9502da3f1bb1e629b3d61887e73a0ef8efbd73a242bf022a448d,2026-09-17T21:34:59+00:00,1Q_FQ8HtFFTGWwBpQrVwKtepzcFzCfqXz,2026-09,manual_rentability_operations.csv:125,DUPLICADO,1c1ICCm-3EHBvPpQcD9yKRNHI8TZhNZO7,SAME_SHA256,https://drive.google.com/open?id=1NxSb49gOcmWnw5qgqAsKownGIiqXstKn,Duplicado exacto por nombre/tamano/contenido del cuadro procesado con drive_id_1c1ICCm-3EHBvPpQcD9yKRNHI8TZhNZO7.
1c1ICCm-3EHBvPpQcD9yKRNHI8TZhNZO7,PHOTO-2026-09-08-21-55-15.jpg,image/jpeg,253191,05c0fa972b48f1e1604394ec4195b08f01b20d88f1ce1d3bb1d7a7ca0ec812b5,c56457da356e9502da3f1bb1e629b3d61887e73a0ef8efbd73a242bf022a448d,2026-09-17T21:35:04+00:00,1Q_FQ8HtFFTGWwBpQrVwKtepzcFzCfqXz,2026-09,drive:1c1ICCm-3EHBvPpQcD9yKRNHI8TZhNZO7,OK,,,https://drive.google.com/open?id=1c1ICCm-3EHBvPpQcD9yKRNHI8TZhNZO7,Extraido visualmente de cuadro nuevo en Drive Pendientes Septiembre.
13WWSuTrhiYy5Z1Tp0-OtraR_kOZ7NRiG,PHOTO-2026-09-08-21-55-16.jpg,image/jpeg,313940,2b8f4d35036f539d5418e13334f23beed9a0808081f895e5e370e19f75c6677d,13138b5ac6f1f0ae4504c7c31e947591019f8674027f5c77f25562137bc96c6f,2026-09-17T21:34:58+00:00,1Q_FQ8HtFFTGWwBpQrVwKtepzcFzCfqXz,2026-09,manual_rentability_operations.csv:126,DUPLICADO,1SZKiizP_D5Uqn-JzvaYlmA5i5-zxYIVM,SAME_SHA256,https://drive.google.com/open?id=13WWSuTrhiYy5Z1Tp0-OtraR_kOZ7NRiG,Duplicado exacto por nombre/tamano/contenido del cuadro procesado con drive_id_1SZKiizP_D5Uqn-JzvaYlmA5i5-zxYIVM.
1SZKiizP_D5Uqn-JzvaYlmA5i5-zxYIVM,PHOTO-2026-09-08-21-55-16.jpg,image/jpeg,313940,2b8f4d35036f539d5418e13334f23beed9a0808081f895e5e370e19f75c6677d,13138b5ac6f1f0ae4504c7c31e947591019f8674027f5c77f25562137bc96c6f,2026-09-17T21:35:03+00:00,1Q_FQ8HtFFTGWwBpQrVwKtepzcFzCfqXz,2026-09,drive:1SZKiizP_D5Uqn-JzvaYlmA5i5-zxYIVM,OK,,,https://drive.google.com/open?id=1SZKiizP_D5Uqn-JzvaYlmA5i5-zxYIVM,Extraido visualmente de cuadro nuevo; importes distintos al otro Sind Serenos del mismo dia.
18VGjE2Ee6XfXSSAoNNa9FR-2RkO7pPhY,PHOTO-2026-09-09-16-48-53.jpg,image/jpeg,17031,e5ecd8a4048d8a317431978d802f3d071afe76a9e03825fd81c0249d5294fa09,5d654fdda1e2c21138a7669418b579fa03d12c49f55870398df059cc3b18daca,2026-09-17T21:35:04+00:00,1Q_FQ8HtFFTGWwBpQrVwKtepzcFzCfqXz,2026-09,drive:18VGjE2Ee6XfXSSAoNNa9FR-2RkO7pPhY,OK,,,https://drive.google.com/open?id=18VGjE2Ee6XfXSSAoNNa9FR-2RkO7pPhY,Extraido visualmente de cuadro nuevo; denominador Facturacion Neta visible.
1FNODu2rPQCIzB3I7AWa34AnKUZEh6IeZ,PHOTO-2026-09-09-20-10-48.jpg,image/jpeg,302676,2adb4a09907906b706c2ec872157d247953dd24b04557a09db99a0def9394a30,cc12cc00a7d1447a81494eb53d70e3670a3e9cc774876a9462fc79fff4638715,2026-09-17T21:35:05+00:00,1Q_FQ8HtFFTGWwBpQrVwKtepzcFzCfqXz,2026-09,drive:1FNODu2rPQCIzB3I7AWa34AnKUZEh6IeZ,OK,,,https://drive.google.com/open?id=1FNODu2rPQCIzB3I7AWa34AnKUZEh6IeZ,Extraido visualmente de cuadro nuevo en Drive Pendientes Septiembre.
1bOTJKXG3Mrz1I11kFtv7tjpnkzdvUsxE,PHOTO-2026-09-09-20-10-48.jpg,image/jpeg,223256,762e8db80c4d853f2120f3d791fddf6985a7d2098bf04014c9045c39a332d2f6,4839589d8bca6c0484e4981efdc291ebfb8765fb91144faff7828eaf5e4d47d9,2026-09-17T21:35:07+00:00,1Q_FQ8HtFFTGWwBpQrVwKtepzcFzCfqXz,2026-09,drive:1bOTJKXG3Mrz1I11kFtv7tjpnkzdvUsxE,OK,,,https://drive.google.com/open?id=1bOTJKXG3Mrz1I11kFtv7tjpnkzdvUsxE,Extraido visualmente de cuadro nuevo en Drive Pendientes Septiembre.
1MZ1Rit_bhIKn48rd8r_fup9sb20a6fUL,PHOTO-2026-09-09-20-10-49.jpg,image/jpeg,295048,7fca1482cb05c8f4340f0bd2447e75184928fe0d61af3e298f78bb5027880200,60838b63432b72580156ace8701120543a6fa4021633bf29d60484202ebd1d9b,2026-09-17T21:35:06+00:00,1Q_FQ8HtFFTGWwBpQrVwKtepzcFzCfqXz,2026-09,drive:1MZ1Rit_bhIKn48rd8r_fup9sb20a6fUL,OK,,,https://drive.google.com/open?id=1MZ1Rit_bhIKn48rd8r_fup9sb20a6fUL,Extraido visualmente de cuadro nuevo en Drive Pendientes Septiembre.
1pDknuvyBDVOrBHf0pMWj7vU78EEiSKWU,PHOTO-2026-09-10-10-06-16.jpg,image/jpeg,192979,7217ac4f89c74dcab88216de807c732cba4d8999b0526a43ae9a434cf42ca51c,8a3d50172f4de06493d1c5c13778392e70e06e2c774c32a5a04611d0491d6b12,2026-09-17T21:35:08+00:00,1Q_FQ8HtFFTGWwBpQrVwKtepzcFzCfqXz,2026-09,drive:1pDknuvyBDVOrBHf0pMWj7vU78EEiSKWU,OK_TRANSFERENCIA_1_2,,,https://drive.google.com/open?id=1pDknuvyBDVOrBHf0pMWj7vU78EEiSKWU,Costos pagados anteriormente; base tomada del ECHEQ transferido al 1.2%.
1W2yz6q2NmtPCYgIvfffun1zmx_F5P9wY,PHOTO-2026-09-10-10-15-56.jpg,image/jpeg,352842,4309ba505cbdbe3078af3b74e936de3e80375e1549a89dd0f2b789fc87c70d89,2c3e2e95984f50954de0dfcbca93a2158a87607262fc580557cfd2610659b069,2026-09-17T21:35:10+00:00,1Q_FQ8HtFFTGWwBpQrVwKtepzcFzCfqXz,2026-09,drive:1W2yz6q2NmtPCYgIvfffun1zmx_F5P9wY,OK,,,https://drive.google.com/open?id=1W2yz6q2NmtPCYgIvfffun1zmx_F5P9wY,Extraido visualmente de cuadro nuevo en Drive Pendientes Septiembre.
1CqBW8MKd76yTcLI0lHnCVh-AgNG5tnhO,PHOTO-2026-09-10-10-22-36.jpg,image/jpeg,432183,28b7b9df7574f5eaa8d2ecf3765eb3c6d3e318928b91d3784d7bef6c21bb4f2f,66e9b78aaac38cedf4f436560adf066fa92e5aae883fe391c9f6fadf6cd96c0e,2026-09-17T21:35:09+00:00,1Q_FQ8HtFFTGWwBpQrVwKtepzcFzCfqXz,2026-09,drive:1CqBW8MKd76yTcLI0lHnCVh-AgNG5tnhO,OK,,,https://drive.google.com/open?id=1CqBW8MKd76yTcLI0lHnCVh-AgNG5tnhO,Extraido visualmente de cuadro nuevo en Drive Pendientes Septiembre.
1mKeiWUEsFz4eiEQCehfsnppiV1_9j1tB,PHOTO-2026-09-10-13-57-18.jpg,image/jpeg,332986,e162bada03028cba70be9ff5019d92b8c88f19f7b39a06bb68bd2255ba3c22f1,250d5b4574eee960f9f1604c3cfbd62dccfafe33989cd0ad36d31bb249efac6d,2026-09-17T21:35:11+00:00,1Q_FQ8HtFFTGWwBpQrVwKtepzcFzCfqXz,2026-09,drive:1mKeiWUEsFz4eiEQCehfsnppiV1_9j1tB,OK,,,https://drive.google.com/open?id=1mKeiWUEsFz4eiEQCehfsnppiV1_9j1tB,Extraido visualmente de cuadro nuevo en Drive Pendientes Septiembre.
1tNZ7p3jslg-2x99zSurHU70qvo57IR3R,PHOTO-2026-09-10-17-49-35.jpg,image/jpeg,322040,8e55bf9fef9d9615dcc4f81dbaf1536d1124875dd013424644915ff7e92f83cb,826f6ba6ae9fcd18ad5410c07fbe0bd86eef95d69758a3e7faf2e1dea1cc7ed8,2026-09-17T21:35:11+00:00,1Q_FQ8HtFFTGWwBpQrVwKtepzcFzCfqXz,2026-09,drive:1tNZ7p3jslg-2x99zSurHU70qvo57IR3R,OK,,,https://drive.google.com/open?id=1tNZ7p3jslg-2x99zSurHU70qvo57IR3R,Extraido visualmente de cuadro nuevo en Drive Pendientes Septiembre.
1LeEO7Jq-S7HwKcrM2u2gH5SgZ6Pmae9A,PHOTO-2026-09-11-19-46-17.jpg,image/jpeg,17197,9eaa86eebb3388a4eb046c6e78248dcbbb9f7ce7a885b55af353ee500e1b899e,a965397fbab5123b84955387c94539ecf1d0412a5cedc09fde97b35b338c7057,2026-09-17T21:35:08+00:00,1Q_FQ8HtFFTGWwBpQrVwKtepzcFzCfqXz,2026-09,drive:1LeEO7Jq-S7HwKcrM2u2gH5SgZ6Pmae9A,OK,,,https://drive.google.com/open?id=1LeEO7Jq-S7HwKcrM2u2gH5SgZ6Pmae9A,Extraido visualmente de cuadro nuevo; denominador Facturacion Neta visible.
1kiA_gqvflABbxMX18hLh7eUtxM-iAVL-,PHOTO-2026-09-16-18-35-29.jpg,image/jpeg,334579,dee6199ca97def7f6bd123273c77548b80ac21c547b1fa04bb3957f3b92698f1,278106ed06c1591b24cc8cc566d6a041aef5e15ecf6c21d2f2015ae54d25c091,2026-09-17T21:35:14+00:00,1Q_FQ8HtFFTGWwBpQrVwKtepzcFzCfqXz,2026-09,drive:1kiA_gqvflABbxMX18hLh7eUtxM-iAVL-,OK,,,https://drive.google.com/open?id=1kiA_gqvflABbxMX18hLh7eUtxM-iAVL-,Cuadro nuevo validado visualmente; identidad documental unica.
1ohjStiizDuvYRrPy81N63U-lEmBl_BgX,PHOTO-2026-09-17-10-00-54.jpg,image/jpeg,417635,f0fb1be0d792259c81dcc47be8a6bacae09a6648b50bb9886e2cccc8d2bf06ed,94e86eb655df052fd53f53e1d8e950a849ff6b6f7392acec72b46dc5683d31af,2026-09-17T21:35:16+00:00,1Q_FQ8HtFFTGWwBpQrVwKtepzcFzCfqXz,2026-09,drive:1ohjStiizDuvYRrPy81N63U-lEmBl_BgX,OK,,,https://drive.google.com/open?id=1ohjStiizDuvYRrPy81N63U-lEmBl_BgX,Cuadro nuevo validado visualmente; identidad documental unica.
1zy7P_QdiYsFQZH_Amt_DeCrZCrWtSg5Q,PHOTO-2026-09-17-10-32-10.jpg,image/jpeg,458700,f1f41a0f1c85e3c3358cc614f2b377491f046f2617d5008dfc80db65a72f9178,29f3c1c3df6d4d99b7d9cc8c3bef9208117837abb9ee02c73ec03c4dff0d9459,2026-09-17T21:35:16+00:00,1Q_FQ8HtFFTGWwBpQrVwKtepzcFzCfqXz,2026-09,drive:1zy7P_QdiYsFQZH_Amt_DeCrZCrWtSg5Q,OK,,,https://drive.google.com/open?id=1zy7P_QdiYsFQZH_Amt_DeCrZCrWtSg5Q,Cuadro nuevo validado visualmente; identidad documental unica.
1oDN0uMqVC7bibkTQ-mS4iNSor5oDci6B,PHOTO-2026-09-17-15-09-18.jpg,image/jpeg,315745,f4c5aeef131cdb283b916fca9d3c791a1c94e4dc68610d1f73465f3812b6487e,164ccd68ae72bafeedf61b3b1bbfcd764951897163b8230e1ad6bdbd3d38bb68,2026-09-17T21:35:15+00:00,1Q_FQ8HtFFTGWwBpQrVwKtepzcFzCfqXz,2026-09,drive:1oDN0uMqVC7bibkTQ-mS4iNSor5oDci6B,OK,,,https://drive.google.com/open?id=1oDN0uMqVC7bibkTQ-mS4iNSor5oDci6B,Cuadro nuevo validado visualmente; canal normalizado a Faro 18 al cargar.
1BegEvbJkW6mqxLW9hDx_ZSGG_cjhIPzW,PHOTO-2026-09-17-15-26-49.jpg,image/jpeg,319000,94505453f65fca2a9f17ffa179bd5fa199f9f814a11a70194f0342790fbad47b,1673172feafd35fd55eb264eb2bcd036146754d1eeffd7252ed1388dd507fcb6,2026-09-17T21:35:14+00:00,1Q_FQ8HtFFTGWwBpQrVwKtepzcFzCfqXz,2026-09,drive:1BegEvbJkW6mqxLW9hDx_ZSGG_cjhIPzW,OK,,,https://drive.google.com/open?id=1BegEvbJkW6mqxLW9hDx_ZSGG_cjhIPzW,Operacion distinta del mismo cliente y fecha; identidad e importes propios.
1HwrrEKXClP5x0xOR7-UXd10UPXcmw3bf,PHOTO-2026-09-17-15-47-41.jpg,image/jpeg,315428,6e95cb0fa141751a04322d4df434473fbac0df704f88e54e379d4ca9d11809a9,824e8d59e787845a44678868e504c056e60433c8190c49dd19f8224db97efb91,2026-09-17T21:35:17+00:00,1Q_FQ8HtFFTGWwBpQrVwKtepzcFzCfqXz,2026-09,drive:1HwrrEKXClP5x0xOR7-UXd10UPXcmw3bf,OK,,,https://drive.google.com/open?id=1HwrrEKXClP5x0xOR7-UXd10UPXcmw3bf,Cuadro nuevo validado visualmente; identidad documental unica.
1ezxjK6LxMS1905bZzk3v6TX-AyQ9Z56S,PHOTO-2026-09-17-15-47-55.jpg,image/jpeg,374085,d1c8a61070e3fcc0958a0f9c42cb87ecdcb24b3f7cd4241841b817e3029d3883,160a749532f2fd113ae19e8f94f270c0c464c14856e9309848b04183f5dd22e8,2026-09-17T21:35:12+00:00,1Q_FQ8HtFFTGWwBpQrVwKtepzcFzCfqXz,2026-09,drive:1ezxjK6LxMS1905bZzk3v6TX-AyQ9Z56S,OK,,,https://drive.google.com/open?id=1ezxjK6LxMS1905bZzk3v6TX-AyQ9Z56S,Cuadro nuevo validado visualmente; identidad documental unica.
1CSbUb8SWMvpJ7a--CwZUnJSN0_BQtLM8,PHOTO-2026-09-17-15-59-28.jpg,image/jpeg,330340,91b627ebcb2dd866b6e9699d81cf07a46e93f219a008f68e28722d387eb80083,044c02d792827a8a917cc1079ddda951611de6491d553be9c749745d7fee5cb7,2026-09-17T21:35:18+00:00,1Q_FQ8HtFFTGWwBpQrVwKtepzcFzCfqXz,2026-09,drive:1CSbUb8SWMvpJ7a--CwZUnJSN0_BQtLM8,OK,,,https://drive.google.com/open?id=1CSbUb8SWMvpJ7a--CwZUnJSN0_BQtLM8,Cuadro nuevo validado visualmente; identidad documental unica.
1wLsyq1p05_INVgCsWH62kr7jhy1w48AR,PHOTO-2026-09-17-15-59-43.jpg,image/jpeg,294016,73a4afe69a173d57bc3a9d6e42a839c76f5c0c1f5c256d0f1707e6fda29df4df,232df005e5ef2ea80f3e374bc092e20cd18e59699d123456e2989bdae54086f1,2026-09-17T21:35:13+00:00,1Q_FQ8HtFFTGWwBpQrVwKtepzcFzCfqXz,2026-09,drive:1wLsyq1p05_INVgCsWH62kr7jhy1w48AR,OK,,,https://drive.google.com/open?id=1wLsyq1p05_INVgCsWH62kr7jhy1w48AR,Cuadro nuevo validado visualmente; identidad documental unica.
163hy4UEvU5TLKaS3GbeC6ZtNyq105Fce,PHOTO-2026-09-18-13-01-31.jpg,image/jpeg,366980,20076cffe44b7985260c2f29d1d3fba1317d7fc312be0b60cf0b8bcc3abb7d8a,f4f991147553586e6e28d19e192df1240116ffde0c4ba51e207b8f60fb615431,2026-09-22T01:16:13+00:00,1Q_FQ8HtFFTGWwBpQrVwKtepzcFzCfqXz,2026-09,,OK,,,https://drive.google.com/open?id=163hy4UEvU5TLKaS3GbeC6ZtNyq105Fce,Cuadro nuevo validado visualmente; identidad documental unica.
1U197gTElIaK-RGp2-P6r9dCBfnyzbtKn,PHOTO-2026-09-18-13-07-31.jpg,image/jpeg,411315,29e1ddbafd1cc6ce96f2a6ff443ea5910dfe491af1bf525fc81eee569ccbf6a9,8cd22da2380d7a800bdd33cac9c7fb402be1cecea71cbadd16f21ff00ab40963,2026-09-22T01:16:13+00:00,1Q_FQ8HtFFTGWwBpQrVwKtepzcFzCfqXz,2026-09,,OK,,,https://drive.google.com/open?id=1U197gTElIaK-RGp2-P6r9dCBfnyzbtKn,Cuadro nuevo validado visualmente; identidad documental unica.
1ngI6qAeCwSN1QarBArF2e6xmn_HB-8yX,PHOTO-2026-09-18-13-27-27.jpg,image/jpeg,352339,385cc30a378abbfded1bf899bae775e91895b841b37ec960696880b7f42cf4b0,971e05275580257b5a7a4737bd3b0a7ee6799358109c5c04603a4eeb2bb38089,2026-09-22T01:16:13+00:00,1Q_FQ8HtFFTGWwBpQrVwKtepzcFzCfqXz,2026-09,,OK,,,https://drive.google.com/open?id=1ngI6qAeCwSN1QarBArF2e6xmn_HB-8yX,Cuadro nuevo validado visualmente; identidad documental unica.
18eA547y7EaRyX3DHQ_II5sdOx7a6ZJID,PHOTO-2026-09-18-13-34-23.jpg,image/jpeg,190550,8048a40104a3ce22c2e18947d601ec425ac154d42d1bcb525eccfa0e39ab1486,b91937de54e0219141849afe23515bd1311921ff819134f13f57b4b2d16fcd0e,2026-09-22T01:16:13+00:00,1Q_FQ8HtFFTGWwBpQrVwKtepzcFzCfqXz,2026-09,,OK,,,https://drive.google.com/open?id=18eA547y7EaRyX3DHQ_II5sdOx7a6ZJID,Cuadro nuevo validado visualmente; identidad documental unica.
1x4wtU_DBjASvPHMWNiAjZawrzk54ATfP,PHOTO-2026-09-18-15-24-41.jpg,image/jpeg,300847,78302b282539d439b3900557a99960d5d36f95245dec2754be5d40f6ad5f0d94,7cb29fa3f98fd673b7c826c1a7fdc7d257402bd3c70bc5ffd7901cb4fb73612f,2026-09-22T01:16:13+00:00,1Q_FQ8HtFFTGWwBpQrVwKtepzcFzCfqXz,2026-09,,OK,,,https://drive.google.com/open?id=1x4wtU_DBjASvPHMWNiAjZawrzk54ATfP,Cuadro nuevo validado visualmente; identidad documental unica.
1fSYCmi_Txb5jTMLVyYngBX5n6Zx_RGhv,PHOTO-2026-09-18-16-03-13.jpg,image/jpeg,303528,10bdcf40330271b7e8eb727b49c44b9fac94bc8a15329ed399cb3ef342e75bdc,970606e99b2d74bc5181f99747a0aaaefceed410c18259839c7f0cd7628d379a,2026-09-22T01:16:13+00:00,1Q_FQ8HtFFTGWwBpQrVwKtepzcFzCfqXz,2026-09,,OK,,,https://drive.google.com/open?id=1fSYCmi_Txb5jTMLVyYngBX5n6Zx_RGhv,Cuadro nuevo validado visualmente; identidad documental unica.
1Bq-5cJtiyk4vLvflqT0_oJYXc3WTdjZO,PHOTO-2026-09-18-17-22-02.jpg,image/jpeg,425471,bd4f955032621c992fc4448590fb8e27a754a2bb423fcb8356e878e2f4baef24,0f5ec46931259d3368946c01479c3468d28587218c3f7879c9a38ed5fe76cf08,2026-09-22T01:16:13+00:00,1Q_FQ8HtFFTGWwBpQrVwKtepzcFzCfqXz,2026-09,,OK,,,https://drive.google.com/open?id=1Bq-5cJtiyk4vLvflqT0_oJYXc3WTdjZO,Cuadro con varias fechas ECHEQ dentro de septiembre; fecha de corte conservadora tomada al ultimo ECHEQ; identidad documental unica.
1aOVwKeMfO20010xF1IwsbtKz0aBl-hHi,PHOTO-2026-09-18-17-22-02.jpg,image/jpeg,342560,e9f2301c8b1826633f33ed9ec9a4ed8ef1cc5eeabbde4e750154da1b30cd3fef,4d0b7b21cf317329d5725bbabea5107f3c65f12eb32289b41f2a1e8cccf2839b,2026-09-22T01:16:13+00:00,1Q_FQ8HtFFTGWwBpQrVwKtepzcFzCfqXz,2026-09,,OK,,,https://drive.google.com/open?id=1aOVwKeMfO20010xF1IwsbtKz0aBl-hHi,Cuadro nuevo validado visualmente; identidad documental unica.
1W8N8YWlzLxNUw7mg9xsLSK9A8AKqnXXn,PHOTO-2026-09-18-17-25-18.jpg,image/jpeg,423407,43821f285f85ea882b1f2c4944d1aa3e339d0620e2f6115f26efcea2bd2795ea,df60df4cf228c72c6fe57f69fe618350bac72c6af6da27a3e71fe2c059df7351,2026-09-22T01:16:13+00:00,1Q_FQ8HtFFTGWwBpQrVwKtepzcFzCfqXz,2026-09,,OK,,,https://drive.google.com/open?id=1W8N8YWlzLxNUw7mg9xsLSK9A8AKqnXXn,Cuadro nuevo validado visualmente; identidad documental unica.
1H-fM4E6wC1CDHzyBNPJsT1yzfYStGe4j,PHOTO-2026-09-18-18-09-52.jpg,image/jpeg,16307,88e4a58e2d7b91a3cbc4e5696277325ce18b78a4abf64dcf7346320e141d6dc5,81b854c41bc295264b0792e9822e3d3efb9e3fbf6756a89d65d0ce9d5aa38be3,2026-09-22T01:16:13+00:00,1Q_FQ8HtFFTGWwBpQrVwKtepzcFzCfqXz,2026-09,,OK_FC_NETA,,,https://drive.google.com/open?id=1H-fM4E6wC1CDHzyBNPJsT1yzfYStGe4j,Cliente asociado al registro inequivoco de Facturacion Historica por canal mes y Facturacion Neta exacta de 283000; identidad documental unica.
1RIhJP1Xi8C73vG5rSzQQs-zml_HUZs4p,PHOTO-2026-09-19-16-43-27.jpg,image/jpeg,191374,ce3c5940491f64267796574159270b6d8694f4fac4226128b50da927b0c36a8c,7bc74deb2668eeb42dba2ea21bc1fbfdb4e2a52f3186902254d3955fc59980ee,2026-09-22T01:16:13+00:00,1Q_FQ8HtFFTGWwBpQrVwKtepzcFzCfqXz,2026-09,,OK,,,https://drive.google.com/open?id=1RIhJP1Xi8C73vG5rSzQQs-zml_HUZs4p,Cuadro nuevo validado visualmente; identidad documental unica.
1sQKoiZOiXzRQ5Wfdu6_v1ffqiOLdVp38,RET MC 197 - D. ESPORA.pdf,application/pdf,63764,ce8cce91626b5af733ccd808386a30c310bad0121e50c30a3b2fa961b328ffed,,2026-09-22T21:24:36+00:00,1TQKK0nLbBWWlBag8XSmZp5hyOzIMl37c,2026-09,pagos:1sQKoiZOiXzRQ5Wfdu6_v1ffqiOLdVp38,OK_PAGOS,,,https://drive.google.com/file/d/1sQKoiZOiXzRQ5Wfdu6_v1ffqiOLdVp38/view?usp=drivesdk,Documento de Pagos revisado: todas las fechas economicas visibles corresponden a septiembre de 2026; no alimenta rentabilidad.
1cPZILHCkJJnluSomCyMO9pqjkVxsjesk,RET MC 198 - D. ESPORA.pdf,application/pdf,63762,e61eceb85798f153d83f847d4d4f4c1c0d8c2046bc91cfd8a58cf8e4ace10718,,2026-09-22T21:24:36+00:00,1TQKK0nLbBWWlBag8XSmZp5hyOzIMl37c,2026-09,pagos:1cPZILHCkJJnluSomCyMO9pqjkVxsjesk,OK_PAGOS,,,https://drive.google.com/file/d/1cPZILHCkJJnluSomCyMO9pqjkVxsjesk/view?usp=drivesdk,Documento de Pagos revisado: todas las fechas economicas visibles corresponden a septiembre de 2026; no alimenta rentabilidad.
1_Vjz4S5fLwZrKkh2FIYhs62DPqFpVomJ,PHOTO-2026-09-22-11-23-21.jpg,image/jpeg,308111,447f61757248ae50391a25c3ff36f1bb935f01d65f0d0cc59667b07175c7c60f,64487dc46072200921ff5a6ae52fb85baccfd5f077c29287bbf990c4ac0dc77c,2026-09-22T21:24:36+00:00,1J7uk6ykAO8uIghtEFwRQmxVHfEdT5eXy,2026-10,,REVISION,,,https://drive.google.com/file/d/1_Vjz4S5fLwZrKkh2FIYhs62DPqFpVomJ/view?usp=drivesdk,BASIC A - HYF. Fechas visibles 08/16/21/28-10 y 09/13/18/25-11; FC neta 59.747.098; Ganancia 4.183.350. Confirmar si corresponde dividir entre octubre/noviembre o que mes utilizar; posible alias BASICS S.A.
15tB-lgr3L7lJNj_ggHXQjgQZ63xXC888,PHOTO-2026-09-22-14-58-07.jpg,image/jpeg,18498,a46108a072f0499c6a22d0b372daaf503cf5ee2c1f6e136029e09f793c0f96fb,7464509d6f623b13015f17fc0a525a9dcdebff5b3d1e1085e86a0a534082acef,2026-09-22T21:24:36+00:00,1J7uk6ykAO8uIghtEFwRQmxVHfEdT5eXy,2026-10,,REVISION,,,https://drive.google.com/file/d/15tB-lgr3L7lJNj_ggHXQjgQZ63xXC888/view?usp=drivesdk,BASIC A - Espora. Fechas visibles 08/16/21/28-10 y 09/13/18/25-11; FC neta 84.501.076; Ganancia 5.925.215. Confirmar si corresponde dividir entre octubre/noviembre o que mes utilizar; posible alias BASICS S.A.
1gH5D4rvwZEuQ7tNZKRODt1DJhZrOJBzG,PHOTO-2026-09-22-15-05-00.jpg,image/jpeg,18790,1e0c0e68587a4dcf9725cfe00615ebfd0cce94b7c6243f9636b66f39ba09fad5,4edd9a8fdf2dbf4eef5fc92823be7a82921f443e02659f128d0edfddb4ac33a5,2026-09-22T21:24:36+00:00,1J7uk6ykAO8uIghtEFwRQmxVHfEdT5eXy,2026-10,drive:1gH5D4rvwZEuQ7tNZKRODt1DJhZrOJBzG,OK_TRANSFERENCIA_1_2,,,https://drive.google.com/file/d/1gH5D4rvwZEuQ7tNZKRODt1DJhZrOJBzG/view?usp=drivesdk,"Wolf Pack - HYF, FACT 48930. ECHEQ 01/10/26 por 42.850.468; Ganancia Octopus 514.206 = 1,20%; imputado a octubre."
